id_vente,date,id_client,nom_client,region,id_produit,nom_produit,categorie,qte,prix_unitaire_Ar,remise_%,total_Ar,marge_Ar
V1001,2025-09-17,C002,Score Jumbo,Antsiranana,P006,Sucre Roux 1kg,Sucre,7,3800,0,26600.0,5600.0
V1002,2025-09-17,C004,Epicerie Madiro,Ambanja,P007,Farine 25kg,Farine,14,54000,0,756000.0,126000.0
V1003,2025-09-17,C001,Epicerie Amina,Antsiranana,P006,Sucre Roux 1kg,Sucre,7,3800,0,26600.0,5600.0
V1004,2025-09-17,C004,Epicerie Madiro,Ambanja,P009,Lait Nido 2kg,Lait,15,78000,0,1170000.0,195000.0
V1005,2025-09-17,C003,Hotel Constance Nosy Be,Nosy Be,P014,Tomate concentrée 1 carton,Conserve,12,30000,10,324000.0,24000.0
V1006,2025-09-18,C005,Quincaillerie Diego,Antsiranana,P016,Biscuit Gold 1 carton,Biscuit,3,22000,0,66000.0,12000.0
V1007,2025-09-18,C003,Hotel Constance Nosy Be,Nosy Be,P007,Farine 25kg,Farine,1,54000,5,51300.0,6300.0
V1008,2025-09-18,C006,Alimentation Ambilobe,Ambilobe,P018,Coca 1 pack 33cl,Boisson,1,15000,10,13500.0,1500.0
V1009,2025-09-18,C003,Hotel Constance Nosy Be,Nosy Be,P002,Riz Tsipala 50kg,Riz,8,130000,5,988000.0,108000.0
V1010,2025-09-19,C004,Epicerie Madiro,Ambanja,P017,Eau Vive 1 pack 1.5L,Boisson,15,10000,5,142500.0,22500.0
V1011,2025-09-19,C002,Score Jumbo,Antsiranana,P002,Riz Tsipala 50kg,Riz,37,130000,0,4810000.0,740000.0
V1012,2025-09-19,C002,Score Jumbo,Antsiranana,P003,Huile Ril 20L,Huile,10,98000,0,980000.0,130000.0
V1013,2025-09-19,C006,Alimentation Ambilobe,Ambilobe,P008,Farine 1kg,Farine,7,2800,0,19600.0,4200.0
V1014,2025-09-20,C005,Quincaillerie Diego,Antsiranana,P008,Farine 1kg,Farine,10,2800,5,26600.0,4600.0
V1015,2025-09-20,C001,Epicerie Amina,Antsiranana,P020,Tôles 3m galvanisées,Matériaux,2,32000,0,64000.0,14000.0
V1016,2025-09-20,C006,Alimentation Ambilobe,Ambilobe,P019,Ciment Holcim 50kg,Matériaux,10,45000,5,427500.0,47500.0
V1017,2025-09-20,C003,Hotel Constance Nosy Be,Nosy Be,P009,Lait Nido 2kg,Lait,4,78000,10,280800.0,20800.0
V1018,2025-09-20,C006,Alimentation Ambilobe,Ambilobe,P011,Savon Nosy 1 carton,Hygiène,4,50000,0,200000.0,32000.0
V1019,2025-09-21,C004,Epicerie Madiro,Ambanja,P005,Sucre Blanc 1kg,Sucre,11,4000,10,39600.0,4400.0
V1020,2025-09-21,C003,Hotel Constance Nosy Be,Nosy Be,P015,Pâtes Spaghetti 500g,Pâtes,6,3200,0,19200.0,4200.0
V1021,2025-09-21,C001,Epicerie Amina,Antsiranana,P015,Pâtes Spaghetti 500g,Pâtes,10,3200,5,30400.0,5400.0
V1022,2025-09-21,C001,Epicerie Amina,Antsiranana,P003,Huile Ril 20L,Huile,9,98000,0,882000.0,117000.0
V1023,2025-09-21,C005,Quincaillerie Diego,Antsiranana,P009,Lait Nido 2kg,Lait,3,78000,0,234000.0,39000.0
V1024,2025-09-22,C001,Epicerie Amina,Antsiranana,P008,Farine 1kg,Farine,6,2800,0,16800.0,3600.0
V1025,2025-09-22,C002,Score Jumbo,Antsiranana,P015,Pâtes Spaghetti 500g,Pâtes,14,3200,5,42560.0,7560.0
V1026,2025-09-22,C006,Alimentation Ambilobe,Ambilobe,P010,Lait Bonnet Rouge 450g,Lait,10,4500,10,40500.0,5500.0
V1027,2025-09-23,C005,Quincaillerie Diego,Antsiranana,P001,Riz Maka 25kg,Riz,40,65000,0,2600000.0,400000.0
V1028,2025-09-23,C006,Alimentation Ambilobe,Ambilobe,P004,Huile Hina 5L,Huile,15,33000,0,495000.0,75000.0
V1029,2025-09-23,C003,Hotel Constance Nosy Be,Nosy Be,P004,Huile Hina 5L,Huile,15,33000,0,495000.0,75000.0
V1030,2025-09-23,C006,Alimentation Ambilobe,Ambilobe,P018,Coca 1 pack 33cl,Boisson,3,15000,0,45000.0,9000.0
V1031,2025-09-23,C003,Hotel Constance Nosy Be,Nosy Be,P020,Tôles 3m galvanisées,Matériaux,4,32000,10,115200.0,15200.0
V1032,2025-09-24,C003,Hotel Constance Nosy Be,Nosy Be,P007,Farine 25kg,Farine,11,54000,10,534600.0,39600.0
V1033,2025-09-24,C003,Hotel Constance Nosy Be,Nosy Be,P017,Eau Vive 1 pack 1.5L,Boisson,8,10000,0,80000.0,16000.0
V1034,2025-09-24,C001,Epicerie Amina,Antsiranana,P003,Huile Ril 20L,Huile,11,98000,0,1078000.0,143000.0
V1035,2025-09-24,C003,Hotel Constance Nosy Be,Nosy Be,P002,Riz Tsipala 50kg,Riz,5,130000,0,650000.0,100000.0
V1036,2025-09-25,C002,Score Jumbo,Antsiranana,P009,Lait Nido 2kg,Lait,3,78000,10,210600.0,15600.0
V1037,2025-09-25,C004,Epicerie Madiro,Ambanja,P018,Coca 1 pack 33cl,Boisson,12,15000,0,180000.0,36000.0
V1038,2025-09-25,C005,Quincaillerie Diego,Antsiranana,P001,Riz Maka 25kg,Riz,12,65000,0,780000.0,120000.0
V1039,2025-09-25,C006,Alimentation Ambilobe,Ambilobe,P005,Sucre Blanc 1kg,Sucre,9,4000,0,36000.0,7200.0
V1040,2025-09-25,C003,Hotel Constance Nosy Be,Nosy Be,P019,Ciment Holcim 50kg,Matériaux,9,45000,0,405000.0,63000.0
V1041,2025-09-25,C004,Epicerie Madiro,Ambanja,P005,Sucre Blanc 1kg,Sucre,1,4000,0,4000.0,800.0
V1042,2025-09-26,C003,Hotel Constance Nosy Be,Nosy Be,P002,Riz Tsipala 50kg,Riz,27,130000,0,3510000.0,540000.0
V1043,2025-09-26,C006,Alimentation Ambilobe,Ambilobe,P008,Farine 1kg,Farine,11,2800,0,30800.0,6600.0
V1044,2025-09-26,C003,Hotel Constance Nosy Be,Nosy Be,P018,Coca 1 pack 33cl,Boisson,15,15000,0,225000.0,45000.0
V1045,2025-09-26,C005,Quincaillerie Diego,Antsiranana,P005,Sucre Blanc 1kg,Sucre,15,4000,0,60000.0,12000.0
V1046,2025-09-26,C002,Score Jumbo,Antsiranana,P006,Sucre Roux 1kg,Sucre,15,3800,0,57000.0,12000.0
V1047,2025-09-26,C001,Epicerie Amina,Antsiranana,P006,Sucre Roux 1kg,Sucre,12,3800,0,45600.0,9600.0
V1048,2025-09-26,C004,Epicerie Madiro,Ambanja,P008,Farine 1kg,Farine,5,2800,0,14000.0,3000.0
V1049,2025-09-27,C006,Alimentation Ambilobe,Ambilobe,P004,Huile Hina 5L,Huile,7,33000,0,231000.0,35000.0
V1050,2025-09-27,C004,Epicerie Madiro,Ambanja,P008,Farine 1kg,Farine,4,2800,0,11200.0,2400.0
V1051,2025-09-28,C003,Hotel Constance Nosy Be,Nosy Be,P010,Lait Bonnet Rouge 450g,Lait,14,4500,0,63000.0,14000.0
V1052,2025-09-28,C002,Score Jumbo,Antsiranana,P001,Riz Maka 25kg,Riz,17,65000,0,1105000.0,170000.0
V1053,2025-09-28,C003,Hotel Constance Nosy Be,Nosy Be,P009,Lait Nido 2kg,Lait,14,78000,0,1092000.0,182000.0
V1054,2025-09-28,C003,Hotel Constance Nosy Be,Nosy Be,P012,Omo 1kg,Hygiène,11,10000,5,104500.0,16500.0
V1055,2025-09-28,C004,Epicerie Madiro,Ambanja,P018,Coca 1 pack 33cl,Boisson,6,15000,0,90000.0,18000.0
V1056,2025-09-29,C001,Epicerie Amina,Antsiranana,P009,Lait Nido 2kg,Lait,3,78000,5,222300.0,27300.0
V1057,2025-09-29,C003,Hotel Constance Nosy Be,Nosy Be,P002,Riz Tsipala 50kg,Riz,11,130000,5,1358500.0,148500.0
V1058,2025-09-29,C004,Epicerie Madiro,Ambanja,P012,Omo 1kg,Hygiène,12,10000,0,120000.0,24000.0
V1059,2025-09-29,C004,Epicerie Madiro,Ambanja,P020,Tôles 3m galvanisées,Matériaux,9,32000,0,288000.0,63000.0
V1060,2025-09-29,C004,Epicerie Madiro,Ambanja,P019,Ciment Holcim 50kg,Matériaux,4,45000,0,180000.0,28000.0
V1061,2025-09-30,C001,Epicerie Amina,Antsiranana,P014,Tomate concentrée 1 carton,Conserve,1,30000,5,28500.0,3500.0
V1062,2025-09-30,C005,Quincaillerie Diego,Antsiranana,P007,Farine 25kg,Farine,6,54000,0,324000.0,54000.0
V1063,2025-09-30,C001,Epicerie Amina,Antsiranana,P011,Savon Nosy 1 carton,Hygiène,10,50000,0,500000.0,80000.0
V1064,2025-09-30,C006,Alimentation Ambilobe,Ambilobe,P004,Huile Hina 5L,Huile,12,33000,0,396000.0,60000.0
V1065,2025-09-30,C005,Quincaillerie Diego,Antsiranana,P010,Lait Bonnet Rouge 450g,Lait,11,4500,0,49500.0,11000.0
V1066,2025-09-30,C003,Hotel Constance Nosy Be,Nosy Be,P013,Boite Sardine 10pcs,Conserve,12,18000,0,216000.0,36000.0
V1067,2025-10-01,C005,Quincaillerie Diego,Antsiranana,P005,Sucre Blanc 1kg,Sucre,4,4000,0,16000.0,3200.0
V1068,2025-10-01,C006,Alimentation Ambilobe,Ambilobe,P013,Boite Sardine 10pcs,Conserve,11,18000,10,178200.0,13200.0
V1069,2025-10-01,C002,Score Jumbo,Antsiranana,P020,Tôles 3m galvanisées,Matériaux,10,32000,0,320000.0,70000.0
V1070,2025-10-01,C004,Epicerie Madiro,Ambanja,P018,Coca 1 pack 33cl,Boisson,14,15000,0,210000.0,42000.0
V1071,2025-10-02,C003,Hotel Constance Nosy Be,Nosy Be,P010,Lait Bonnet Rouge 450g,Lait,4,4500,0,18000.0,4000.0
V1072,2025-10-02,C005,Quincaillerie Diego,Antsiranana,P020,Tôles 3m galvanisées,Matériaux,11,32000,0,352000.0,77000.0
V1073,2025-10-02,C004,Epicerie Madiro,Ambanja,P015,Pâtes Spaghetti 500g,Pâtes,8,3200,10,23040.0,3040.0
V1074,2025-10-02,C002,Score Jumbo,Antsiranana,P017,Eau Vive 1 pack 1.5L,Boisson,8,10000,10,72000.0,8000.0
V1075,2025-10-02,C002,Score Jumbo,Antsiranana,P003,Huile Ril 20L,Huile,5,98000,5,465500.0,40500.0
V1076,2025-10-02,C006,Alimentation Ambilobe,Ambilobe,P020,Tôles 3m galvanisées,Matériaux,6,32000,0,192000.0,42000.0
V1077,2025-10-03,C002,Score Jumbo,Antsiranana,P010,Lait Bonnet Rouge 450g,Lait,4,4500,0,18000.0,4000.0
V1078,2025-10-03,C002,Score Jumbo,Antsiranana,P001,Riz Maka 25kg,Riz,7,65000,0,455000.0,70000.0
V1079,2025-10-03,C004,Epicerie Madiro,Ambanja,P020,Tôles 3m galvanisées,Matériaux,14,32000,0,448000.0,98000.0
V1080,2025-10-03,C004,Epicerie Madiro,Ambanja,P014,Tomate concentrée 1 carton,Conserve,15,30000,10,405000.0,30000.0
V1081,2025-10-03,C005,Quincaillerie Diego,Antsiranana,P007,Farine 25kg,Farine,12,54000,10,583200.0,43200.0
V1082,2025-10-03,C004,Epicerie Madiro,Ambanja,P016,Biscuit Gold 1 carton,Biscuit,7,22000,0,154000.0,28000.0
V1083,2025-10-04,C002,Score Jumbo,Antsiranana,P001,Riz Maka 25kg,Riz,11,65000,0,715000.0,110000.0
V1084,2025-10-05,C002,Score Jumbo,Antsiranana,P006,Sucre Roux 1kg,Sucre,13,3800,10,44460.0,5460.0
V1085,2025-10-05,C005,Quincaillerie Diego,Antsiranana,P015,Pâtes Spaghetti 500g,Pâtes,1,3200,5,3040.0,540.0
V1086,2025-10-05,C002,Score Jumbo,Antsiranana,P004,Huile Hina 5L,Huile,8,33000,0,264000.0,40000.0
V1087,2025-10-05,C004,Epicerie Madiro,Ambanja,P017,Eau Vive 1 pack 1.5L,Boisson,9,10000,5,85500.0,13500.0
V1088,2025-10-05,C003,Hotel Constance Nosy Be,Nosy Be,P015,Pâtes Spaghetti 500g,Pâtes,10,3200,10,28800.0,3800.0
V1089,2025-10-05,C005,Quincaillerie Diego,Antsiranana,P014,Tomate concentrée 1 carton,Conserve,14,30000,5,399000.0,49000.0
V1090,2025-10-05,C004,Epicerie Madiro,Ambanja,P006,Sucre Roux 1kg,Sucre,12,3800,0,45600.0,9600.0
V1091,2025-10-06,C004,Epicerie Madiro,Ambanja,P009,Lait Nido 2kg,Lait,13,78000,0,1014000.0,169000.0
V1092,2025-10-06,C006,Alimentation Ambilobe,Ambilobe,P009,Lait Nido 2kg,Lait,13,78000,5,963300.0,118300.0
V1093,2025-10-07,C004,Epicerie Madiro,Ambanja,P008,Farine 1kg,Farine,5,2800,0,14000.0,3000.0
V1094,2025-10-07,C001,Epicerie Amina,Antsiranana,P010,Lait Bonnet Rouge 450g,Lait,4,4500,0,18000.0,4000.0
V1095,2025-10-07,C003,Hotel Constance Nosy Be,Nosy Be,P011,Savon Nosy 1 carton,Hygiène,15,50000,5,712500.0,82500.0
V1096,2025-10-07,C001,Epicerie Amina,Antsiranana,P005,Sucre Blanc 1kg,Sucre,3,4000,0,12000.0,2400.0
V1097,2025-10-07,C004,Epicerie Madiro,Ambanja,P005,Sucre Blanc 1kg,Sucre,12,4000,0,48000.0,9600.0
V1098,2025-10-07,C001,Epicerie Amina,Antsiranana,P014,Tomate concentrée 1 carton,Conserve,7,30000,0,210000.0,35000.0
V1099,2025-10-07,C005,Quincaillerie Diego,Antsiranana,P015,Pâtes Spaghetti 500g,Pâtes,7,3200,0,22400.0,4900.0
V1100,2025-10-07,C002,Score Jumbo,Antsiranana,P014,Tomate concentrée 1 carton,Conserve,7,30000,5,199500.0,24500.0
V1101,2025-10-07,C006,Alimentation Ambilobe,Ambilobe,P001,Riz Maka 25kg,Riz,29,65000,0,1885000.0,290000.0
V1102,2025-10-07,C001,Epicerie Amina,Antsiranana,P012,Omo 1kg,Hygiène,5,10000,0,50000.0,10000.0
V1103,2025-10-07,C004,Epicerie Madiro,Ambanja,P018,Coca 1 pack 33cl,Boisson,12,15000,10,162000.0,18000.0
V1104,2025-10-08,C005,Quincaillerie Diego,Antsiranana,P020,Tôles 3m galvanisées,Matériaux,15,32000,0,480000.0,105000.0
V1105,2025-10-08,C004,Epicerie Madiro,Ambanja,P008,Farine 1kg,Farine,5,2800,0,14000.0,3000.0
V1106,2025-10-08,C004,Epicerie Madiro,Ambanja,P001,Riz Maka 25kg,Riz,29,65000,0,1885000.0,290000.0
V1107,2025-10-08,C006,Alimentation Ambilobe,Ambilobe,P013,Boite Sardine 10pcs,Conserve,12,18000,0,216000.0,36000.0
V1108,2025-10-09,C004,Epicerie Madiro,Ambanja,P005,Sucre Blanc 1kg,Sucre,10,4000,5,38000.0,6000.0
V1109,2025-10-09,C001,Epicerie Amina,Antsiranana,P013,Boite Sardine 10pcs,Conserve,10,18000,5,171000.0,21000.0
V1110,2025-10-09,C006,Alimentation Ambilobe,Ambilobe,P001,Riz Maka 25kg,Riz,10,65000,10,585000.0,35000.0
V1111,2025-10-10,C004,Epicerie Madiro,Ambanja,P005,Sucre Blanc 1kg,Sucre,14,4000,0,56000.0,11200.0
V1112,2025-10-10,C002,Score Jumbo,Antsiranana,P002,Riz Tsipala 50kg,Riz,21,130000,0,2730000.0,420000.0
V1113,2025-10-10,C003,Hotel Constance Nosy Be,Nosy Be,P007,Farine 25kg,Farine,8,54000,0,432000.0,72000.0
V1114,2025-10-10,C003,Hotel Constance Nosy Be,Nosy Be,P013,Boite Sardine 10pcs,Conserve,5,18000,0,90000.0,15000.0
V1115,2025-10-10,C003,Hotel Constance Nosy Be,Nosy Be,P003,Huile Ril 20L,Huile,8,98000,0,784000.0,104000.0
V1116,2025-10-10,C006,Alimentation Ambilobe,Ambilobe,P018,Coca 1 pack 33cl,Boisson,1,15000,0,15000.0,3000.0
V1117,2025-10-10,C002,Score Jumbo,Antsiranana,P003,Huile Ril 20L,Huile,13,98000,10,1146600.0,41600.0
V1118,2025-10-10,C001,Epicerie Amina,Antsiranana,P001,Riz Maka 25kg,Riz,20,65000,0,1300000.0,200000.0
V1119,2025-10-11,C001,Epicerie Amina,Antsiranana,P020,Tôles 3m galvanisées,Matériaux,3,32000,0,96000.0,21000.0
V1120,2025-10-11,C002,Score Jumbo,Antsiranana,P016,Biscuit Gold 1 carton,Biscuit,11,22000,0,242000.0,44000.0
V1121,2025-10-11,C005,Quincaillerie Diego,Antsiranana,P007,Farine 25kg,Farine,8,54000,10,388800.0,28800.0
V1122,2025-10-12,C003,Hotel Constance Nosy Be,Nosy Be,P012,Omo 1kg,Hygiène,3,10000,5,28500.0,4500.0
V1123,2025-10-12,C005,Quincaillerie Diego,Antsiranana,P004,Huile Hina 5L,Huile,13,33000,0,429000.0,65000.0
V1124,2025-10-12,C003,Hotel Constance Nosy Be,Nosy Be,P004,Huile Hina 5L,Huile,10,33000,0,330000.0,50000.0
V1125,2025-10-13,C003,Hotel Constance Nosy Be,Nosy Be,P019,Ciment Holcim 50kg,Matériaux,11,45000,0,495000.0,77000.0
V1126,2025-10-13,C004,Epicerie Madiro,Ambanja,P007,Farine 25kg,Farine,2,54000,5,102600.0,12600.0
V1127,2025-10-13,C006,Alimentation Ambilobe,Ambilobe,P008,Farine 1kg,Farine,2,2800,10,5040.0,640.0
V1128,2025-10-13,C003,Hotel Constance Nosy Be,Nosy Be,P020,Tôles 3m galvanisées,Matériaux,13,32000,0,416000.0,91000.0
V1129,2025-10-13,C005,Quincaillerie Diego,Antsiranana,P002,Riz Tsipala 50kg,Riz,27,130000,5,3334500.0,364500.0
V1130,2025-10-14,C004,Epicerie Madiro,Ambanja,P012,Omo 1kg,Hygiène,2,10000,5,19000.0,3000.0
V1131,2025-10-14,C006,Alimentation Ambilobe,Ambilobe,P011,Savon Nosy 1 carton,Hygiène,1,50000,0,50000.0,8000.0
V1132,2025-10-14,C004,Epicerie Madiro,Ambanja,P004,Huile Hina 5L,Huile,7,33000,0,231000.0,35000.0
V1133,2025-10-14,C006,Alimentation Ambilobe,Ambilobe,P015,Pâtes Spaghetti 500g,Pâtes,12,3200,0,38400.0,8400.0
V1134,2025-10-14,C004,Epicerie Madiro,Ambanja,P006,Sucre Roux 1kg,Sucre,12,3800,5,43320.0,7320.0
V1135,2025-10-14,C006,Alimentation Ambilobe,Ambilobe,P009,Lait Nido 2kg,Lait,10,78000,5,741000.0,91000.0
V1136,2025-10-14,C004,Epicerie Madiro,Ambanja,P015,Pâtes Spaghetti 500g,Pâtes,7,3200,10,20160.0,2660.0
V1137,2025-10-14,C005,Quincaillerie Diego,Antsiranana,P009,Lait Nido 2kg,Lait,6,78000,0,468000.0,78000.0
V1138,2025-10-15,C001,Epicerie Amina,Antsiranana,P009,Lait Nido 2kg,Lait,15,78000,0,1170000.0,195000.0
V1139,2025-10-15,C002,Score Jumbo,Antsiranana,P015,Pâtes Spaghetti 500g,Pâtes,10,3200,5,30400.0,5400.0
V1140,2025-10-15,C006,Alimentation Ambilobe,Ambilobe,P013,Boite Sardine 10pcs,Conserve,6,18000,0,108000.0,18000.0
V1141,2025-10-16,C004,Epicerie Madiro,Ambanja,P011,Savon Nosy 1 carton,Hygiène,3,50000,0,150000.0,24000.0
V1142,2025-10-16,C002,Score Jumbo,Antsiranana,P012,Omo 1kg,Hygiène,13,10000,0,130000.0,26000.0
V1143,2025-10-17,C003,Hotel Constance Nosy Be,Nosy Be,P009,Lait Nido 2kg,Lait,15,78000,5,1111500.0,136500.0
V1144,2025-10-17,C006,Alimentation Ambilobe,Ambilobe,P009,Lait Nido 2kg,Lait,9,78000,0,702000.0,117000.0
V1145,2025-10-17,C005,Quincaillerie Diego,Antsiranana,P007,Farine 25kg,Farine,2,54000,0,108000.0,18000.0
V1146,2025-10-17,C006,Alimentation Ambilobe,Ambilobe,P014,Tomate concentrée 1 carton,Conserve,8,30000,5,228000.0,28000.0
V1147,2025-10-17,C002,Score Jumbo,Antsiranana,P016,Biscuit Gold 1 carton,Biscuit,11,22000,10,217800.0,19800.0
V1148,2025-10-18,C004,Epicerie Madiro,Ambanja,P015,Pâtes Spaghetti 500g,Pâtes,13,3200,0,41600.0,9100.0
V1149,2025-10-18,C001,Epicerie Amina,Antsiranana,P010,Lait Bonnet Rouge 450g,Lait,4,4500,0,18000.0,4000.0
V1150,2025-10-18,C006,Alimentation Ambilobe,Ambilobe,P008,Farine 1kg,Farine,5,2800,10,12600.0,1600.0
V1151,2025-10-19,C005,Quincaillerie Diego,Antsiranana,P012,Omo 1kg,Hygiène,8,10000,5,76000.0,12000.0
V1152,2025-10-19,C005,Quincaillerie Diego,Antsiranana,P012,Omo 1kg,Hygiène,7,10000,10,63000.0,7000.0
V1153,2025-10-19,C005,Quincaillerie Diego,Antsiranana,P011,Savon Nosy 1 carton,Hygiène,6,50000,10,270000.0,18000.0
V1154,2025-10-19,C004,Epicerie Madiro,Ambanja,P009,Lait Nido 2kg,Lait,5,78000,0,390000.0,65000.0
V1155,2025-10-19,C002,Score Jumbo,Antsiranana,P004,Huile Hina 5L,Huile,12,33000,0,396000.0,60000.0
V1156,2025-10-19,C003,Hotel Constance Nosy Be,Nosy Be,P004,Huile Hina 5L,Huile,12,33000,5,376200.0,40200.0
V1157,2025-10-19,C006,Alimentation Ambilobe,Ambilobe,P006,Sucre Roux 1kg,Sucre,4,3800,0,15200.0,3200.0
V1158,2025-10-19,C006,Alimentation Ambilobe,Ambilobe,P016,Biscuit Gold 1 carton,Biscuit,5,22000,10,99000.0,9000.0
V1159,2025-10-20,C005,Quincaillerie Diego,Antsiranana,P017,Eau Vive 1 pack 1.5L,Boisson,10,10000,0,100000.0,20000.0
V1160,2025-10-20,C001,Epicerie Amina,Antsiranana,P007,Farine 25kg,Farine,5,54000,0,270000.0,45000.0
V1161,2025-10-20,C003,Hotel Constance Nosy Be,Nosy Be,P006,Sucre Roux 1kg,Sucre,5,3800,0,19000.0,4000.0
V1162,2025-10-20,C006,Alimentation Ambilobe,Ambilobe,P018,Coca 1 pack 33cl,Boisson,3,15000,0,45000.0,9000.0
V1163,2025-10-20,C001,Epicerie Amina,Antsiranana,P002,Riz Tsipala 50kg,Riz,40,130000,0,5200000.0,800000.0
V1164,2025-10-20,C006,Alimentation Ambilobe,Ambilobe,P005,Sucre Blanc 1kg,Sucre,11,4000,0,44000.0,8800.0
V1165,2025-10-20,C001,Epicerie Amina,Antsiranana,P001,Riz Maka 25kg,Riz,23,65000,0,1495000.0,230000.0
V1166,2025-10-20,C004,Epicerie Madiro,Ambanja,P015,Pâtes Spaghetti 500g,Pâtes,6,3200,0,19200.0,4200.0
V1167,2025-10-20,C001,Epicerie Amina,Antsiranana,P009,Lait Nido 2kg,Lait,14,78000,0,1092000.0,182000.0
V1168,2025-10-20,C001,Epicerie Amina,Antsiranana,P003,Huile Ril 20L,Huile,7,98000,0,686000.0,91000.0
V1169,2025-10-21,C001,Epicerie Amina,Antsiranana,P019,Ciment Holcim 50kg,Matériaux,11,45000,10,445500.0,27500.0
V1170,2025-10-21,C001,Epicerie Amina,Antsiranana,P005,Sucre Blanc 1kg,Sucre,3,4000,5,11400.0,1800.0
V1171,2025-10-21,C003,Hotel Constance Nosy Be,Nosy Be,P003,Huile Ril 20L,Huile,4,98000,0,392000.0,52000.0
V1172,2025-10-22,C005,Quincaillerie Diego,Antsiranana,P014,Tomate concentrée 1 carton,Conserve,10,30000,5,285000.0,35000.0
V1173,2025-10-22,C005,Quincaillerie Diego,Antsiranana,P008,Farine 1kg,Farine,13,2800,5,34580.0,5980.0
V1174,2025-10-23,C004,Epicerie Madiro,Ambanja,P015,Pâtes Spaghetti 500g,Pâtes,15,3200,0,48000.0,10500.0
V1175,2025-10-23,C003,Hotel Constance Nosy Be,Nosy Be,P019,Ciment Holcim 50kg,Matériaux,7,45000,0,315000.0,49000.0
V1176,2025-10-23,C005,Quincaillerie Diego,Antsiranana,P020,Tôles 3m galvanisées,Matériaux,1,32000,5,30400.0,5400.0
V1177,2025-10-23,C006,Alimentation Ambilobe,Ambilobe,P004,Huile Hina 5L,Huile,13,33000,0,429000.0,65000.0
V1178,2025-10-23,C006,Alimentation Ambilobe,Ambilobe,P007,Farine 25kg,Farine,5,54000,10,243000.0,18000.0
V1179,2025-10-24,C001,Epicerie Amina,Antsiranana,P006,Sucre Roux 1kg,Sucre,4,3800,0,15200.0,3200.0
V1180,2025-10-24,C005,Quincaillerie Diego,Antsiranana,P003,Huile Ril 20L,Huile,3,98000,0,294000.0,39000.0
V1181,2025-10-24,C004,Epicerie Madiro,Ambanja,P015,Pâtes Spaghetti 500g,Pâtes,12,3200,5,36480.0,6480.0
V1182,2025-10-24,C004,Epicerie Madiro,Ambanja,P010,Lait Bonnet Rouge 450g,Lait,1,4500,0,4500.0,1000.0
V1183,2025-10-24,C003,Hotel Constance Nosy Be,Nosy Be,P010,Lait Bonnet Rouge 450g,Lait,12,4500,0,54000.0,12000.0
V1184,2025-10-24,C001,Epicerie Amina,Antsiranana,P008,Farine 1kg,Farine,15,2800,0,42000.0,9000.0
V1185,2025-10-24,C006,Alimentation Ambilobe,Ambilobe,P019,Ciment Holcim 50kg,Matériaux,11,45000,0,495000.0,77000.0
V1186,2025-10-25,C004,Epicerie Madiro,Ambanja,P004,Huile Hina 5L,Huile,9,33000,0,297000.0,45000.0
V1187,2025-10-25,C006,Alimentation Ambilobe,Ambilobe,P005,Sucre Blanc 1kg,Sucre,15,4000,0,60000.0,12000.0
V1188,2025-10-25,C002,Score Jumbo,Antsiranana,P003,Huile Ril 20L,Huile,1,98000,0,98000.0,13000.0
V1189,2025-10-25,C003,Hotel Constance Nosy Be,Nosy Be,P020,Tôles 3m galvanisées,Matériaux,12,32000,5,364800.0,64800.0
V1190,2025-10-25,C003,Hotel Constance Nosy Be,Nosy Be,P015,Pâtes Spaghetti 500g,Pâtes,2,3200,0,6400.0,1400.0
V1191,2025-10-25,C006,Alimentation Ambilobe,Ambilobe,P010,Lait Bonnet Rouge 450g,Lait,12,4500,0,54000.0,12000.0
V1192,2025-10-26,C003,Hotel Constance Nosy Be,Nosy Be,P017,Eau Vive 1 pack 1.5L,Boisson,9,10000,0,90000.0,18000.0
V1193,2025-10-26,C004,Epicerie Madiro,Ambanja,P003,Huile Ril 20L,Huile,10,98000,0,980000.0,130000.0
V1194,2025-10-26,C004,Epicerie Madiro,Ambanja,P011,Savon Nosy 1 carton,Hygiène,10,50000,0,500000.0,80000.0
V1195,2025-10-26,C001,Epicerie Amina,Antsiranana,P003,Huile Ril 20L,Huile,4,98000,10,352800.0,12800.0
V1196,2025-10-26,C005,Quincaillerie Diego,Antsiranana,P019,Ciment Holcim 50kg,Matériaux,1,45000,10,40500.0,2500.0
V1197,2025-10-26,C003,Hotel Constance Nosy Be,Nosy Be,P019,Ciment Holcim 50kg,Matériaux,1,45000,0,45000.0,7000.0
V1198,2025-10-27,C004,Epicerie Madiro,Ambanja,P017,Eau Vive 1 pack 1.5L,Boisson,11,10000,0,110000.0,22000.0
V1199,2025-10-27,C003,Hotel Constance Nosy Be,Nosy Be,P006,Sucre Roux 1kg,Sucre,10,3800,0,38000.0,8000.0
V1200,2025-10-28,C006,Alimentation Ambilobe,Ambilobe,P016,Biscuit Gold 1 carton,Biscuit,2,22000,0,44000.0,8000.0
V1201,2025-10-28,C003,Hotel Constance Nosy Be,Nosy Be,P014,Tomate concentrée 1 carton,Conserve,6,30000,0,180000.0,30000.0
V1202,2025-10-28,C006,Alimentation Ambilobe,Ambilobe,P004,Huile Hina 5L,Huile,14,33000,0,462000.0,70000.0
V1203,2025-10-28,C003,Hotel Constance Nosy Be,Nosy Be,P014,Tomate concentrée 1 carton,Conserve,12,30000,0,360000.0,60000.0
V1204,2025-10-29,C003,Hotel Constance Nosy Be,Nosy Be,P013,Boite Sardine 10pcs,Conserve,14,18000,5,239400.0,29400.0
V1205,2025-10-29,C001,Epicerie Amina,Antsiranana,P015,Pâtes Spaghetti 500g,Pâtes,2,3200,0,6400.0,1400.0
V1206,2025-10-29,C003,Hotel Constance Nosy Be,Nosy Be,P011,Savon Nosy 1 carton,Hygiène,2,50000,0,100000.0,16000.0
V1207,2025-10-29,C005,Quincaillerie Diego,Antsiranana,P001,Riz Maka 25kg,Riz,39,65000,0,2535000.0,390000.0
V1208,2025-10-29,C004,Epicerie Madiro,Ambanja,P002,Riz Tsipala 50kg,Riz,17,130000,5,2099500.0,229500.0
V1209,2025-10-29,C003,Hotel Constance Nosy Be,Nosy Be,P020,Tôles 3m galvanisées,Matériaux,13,32000,0,416000.0,91000.0
V1210,2025-10-29,C006,Alimentation Ambilobe,Ambilobe,P015,Pâtes Spaghetti 500g,Pâtes,13,3200,0,41600.0,9100.0
V1211,2025-10-29,C002,Score Jumbo,Antsiranana,P009,Lait Nido 2kg,Lait,9,78000,0,702000.0,117000.0
V1212,2025-10-29,C003,Hotel Constance Nosy Be,Nosy Be,P015,Pâtes Spaghetti 500g,Pâtes,15,3200,10,43200.0,5700.0
V1213,2025-10-30,C004,Epicerie Madiro,Ambanja,P004,Huile Hina 5L,Huile,1,33000,10,29700.0,1700.0
V1214,2025-10-30,C005,Quincaillerie Diego,Antsiranana,P008,Farine 1kg,Farine,12,2800,0,33600.0,7200.0
V1215,2025-10-30,C003,Hotel Constance Nosy Be,Nosy Be,P018,Coca 1 pack 33cl,Boisson,1,15000,5,14250.0,2250.0
V1216,2025-10-30,C004,Epicerie Madiro,Ambanja,P003,Huile Ril 20L,Huile,4,98000,0,392000.0,52000.0
V1217,2025-10-30,C004,Epicerie Madiro,Ambanja,P004,Huile Hina 5L,Huile,11,33000,0,363000.0,55000.0
V1218,2025-10-30,C004,Epicerie Madiro,Ambanja,P010,Lait Bonnet Rouge 450g,Lait,9,4500,10,36450.0,4950.0
V1219,2025-10-30,C003,Hotel Constance Nosy Be,Nosy Be,P014,Tomate concentrée 1 carton,Conserve,14,30000,0,420000.0,70000.0
V1220,2025-10-31,C004,Epicerie Madiro,Ambanja,P008,Farine 1kg,Farine,8,2800,5,21280.0,3680.0
V1221,2025-10-31,C002,Score Jumbo,Antsiranana,P013,Boite Sardine 10pcs,Conserve,4,18000,5,68400.0,8400.0
V1222,2025-10-31,C005,Quincaillerie Diego,Antsiranana,P005,Sucre Blanc 1kg,Sucre,14,4000,0,56000.0,11200.0
V1223,2025-10-31,C003,Hotel Constance Nosy Be,Nosy Be,P014,Tomate concentrée 1 carton,Conserve,6,30000,5,171000.0,21000.0
V1224,2025-10-31,C003,Hotel Constance Nosy Be,Nosy Be,P001,Riz Maka 25kg,Riz,23,65000,10,1345500.0,80500.0
V1225,2025-10-31,C003,Hotel Constance Nosy Be,Nosy Be,P019,Ciment Holcim 50kg,Matériaux,10,45000,10,405000.0,25000.0
V1226,2025-10-31,C004,Epicerie Madiro,Ambanja,P005,Sucre Blanc 1kg,Sucre,8,4000,5,30400.0,4800.0
V1227,2025-10-31,C004,Epicerie Madiro,Ambanja,P012,Omo 1kg,Hygiène,6,10000,5,57000.0,9000.0
V1228,2025-10-31,C005,Quincaillerie Diego,Antsiranana,P013,Boite Sardine 10pcs,Conserve,8,18000,0,144000.0,24000.0
V1229,2025-10-31,C002,Score Jumbo,Antsiranana,P008,Farine 1kg,Farine,10,2800,0,28000.0,6000.0
V1230,2025-10-31,C002,Score Jumbo,Antsiranana,P014,Tomate concentrée 1 carton,Conserve,1,30000,0,30000.0,5000.0
V1231,2025-11-01,C006,Alimentation Ambilobe,Ambilobe,P016,Biscuit Gold 1 carton,Biscuit,12,22000,0,264000.0,48000.0
V1232,2025-11-01,C004,Epicerie Madiro,Ambanja,P005,Sucre Blanc 1kg,Sucre,8,4000,0,32000.0,6400.0
V1233,2025-11-01,C002,Score Jumbo,Antsiranana,P017,Eau Vive 1 pack 1.5L,Boisson,10,10000,0,100000.0,20000.0
V1234,2025-11-01,C001,Epicerie Amina,Antsiranana,P015,Pâtes Spaghetti 500g,Pâtes,2,3200,5,6080.0,1080.0
V1235,2025-11-01,C004,Epicerie Madiro,Ambanja,P001,Riz Maka 25kg,Riz,14,65000,0,910000.0,140000.0
V1236,2025-11-01,C006,Alimentation Ambilobe,Ambilobe,P005,Sucre Blanc 1kg,Sucre,2,4000,0,8000.0,1600.0
V1237,2025-11-01,C003,Hotel Constance Nosy Be,Nosy Be,P011,Savon Nosy 1 carton,Hygiène,10,50000,10,450000.0,30000.0
V1238,2025-11-01,C004,Epicerie Madiro,Ambanja,P003,Huile Ril 20L,Huile,14,98000,0,1372000.0,182000.0
V1239,2025-11-02,C006,Alimentation Ambilobe,Ambilobe,P018,Coca 1 pack 33cl,Boisson,7,15000,0,105000.0,21000.0
V1240,2025-11-02,C006,Alimentation Ambilobe,Ambilobe,P016,Biscuit Gold 1 carton,Biscuit,14,22000,5,292600.0,40600.0
V1241,2025-11-02,C001,Epicerie Amina,Antsiranana,P020,Tôles 3m galvanisées,Matériaux,2,32000,0,64000.0,14000.0
V1242,2025-11-03,C006,Alimentation Ambilobe,Ambilobe,P010,Lait Bonnet Rouge 450g,Lait,4,4500,10,16200.0,2200.0
V1243,2025-11-03,C001,Epicerie Amina,Antsiranana,P014,Tomate concentrée 1 carton,Conserve,2,30000,10,54000.0,4000.0
V1244,2025-11-04,C006,Alimentation Ambilobe,Ambilobe,P004,Huile Hina 5L,Huile,8,33000,0,264000.0,40000.0
V1245,2025-11-04,C006,Alimentation Ambilobe,Ambilobe,P010,Lait Bonnet Rouge 450g,Lait,15,4500,0,67500.0,15000.0
V1246,2025-11-04,C001,Epicerie Amina,Antsiranana,P011,Savon Nosy 1 carton,Hygiène,13,50000,0,650000.0,104000.0
V1247,2025-11-05,C003,Hotel Constance Nosy Be,Nosy Be,P012,Omo 1kg,Hygiène,6,10000,0,60000.0,12000.0
V1248,2025-11-05,C002,Score Jumbo,Antsiranana,P008,Farine 1kg,Farine,9,2800,0,25200.0,5400.0
V1249,2025-11-05,C005,Quincaillerie Diego,Antsiranana,P006,Sucre Roux 1kg,Sucre,3,3800,0,11400.0,2400.0
V1250,2025-11-05,C001,Epicerie Amina,Antsiranana,P020,Tôles 3m galvanisées,Matériaux,14,32000,0,448000.0,98000.0
V1251,2025-11-06,C005,Quincaillerie Diego,Antsiranana,P008,Farine 1kg,Farine,8,2800,5,21280.0,3680.0
V1252,2025-11-06,C002,Score Jumbo,Antsiranana,P008,Farine 1kg,Farine,8,2800,10,20160.0,2560.0
V1253,2025-11-06,C003,Hotel Constance Nosy Be,Nosy Be,P015,Pâtes Spaghetti 500g,Pâtes,5,3200,10,14400.0,1900.0
V1254,2025-11-06,C001,Epicerie Amina,Antsiranana,P015,Pâtes Spaghetti 500g,Pâtes,15,3200,0,48000.0,10500.0
V1255,2025-11-06,C006,Alimentation Ambilobe,Ambilobe,P018,Coca 1 pack 33cl,Boisson,3,15000,0,45000.0,9000.0
V1256,2025-11-07,C004,Epicerie Madiro,Ambanja,P012,Omo 1kg,Hygiène,10,10000,0,100000.0,20000.0
V1257,2025-11-07,C006,Alimentation Ambilobe,Ambilobe,P014,Tomate concentrée 1 carton,Conserve,12,30000,0,360000.0,60000.0
V1258,2025-11-07,C004,Epicerie Madiro,Ambanja,P010,Lait Bonnet Rouge 450g,Lait,4,4500,0,18000.0,4000.0
V1259,2025-11-07,C004,Epicerie Madiro,Ambanja,P004,Huile Hina 5L,Huile,4,33000,0,132000.0,20000.0
V1260,2025-11-07,C005,Quincaillerie Diego,Antsiranana,P012,Omo 1kg,Hygiène,10,10000,0,100000.0,20000.0
V1261,2025-11-08,C006,Alimentation Ambilobe,Ambilobe,P010,Lait Bonnet Rouge 450g,Lait,1,4500,10,4050.0,550.0
V1262,2025-11-08,C004,Epicerie Madiro,Ambanja,P009,Lait Nido 2kg,Lait,1,78000,5,74100.0,9100.0
V1263,2025-11-08,C006,Alimentation Ambilobe,Ambilobe,P002,Riz Tsipala 50kg,Riz,36,130000,0,4680000.0,720000.0
V1264,2025-11-08,C002,Score Jumbo,Antsiranana,P020,Tôles 3m galvanisées,Matériaux,13,32000,0,416000.0,91000.0
V1265,2025-11-09,C002,Score Jumbo,Antsiranana,P007,Farine 25kg,Farine,10,54000,0,540000.0,90000.0
V1266,2025-11-09,C006,Alimentation Ambilobe,Ambilobe,P005,Sucre Blanc 1kg,Sucre,11,4000,0,44000.0,8800.0
V1267,2025-11-09,C006,Alimentation Ambilobe,Ambilobe,P002,Riz Tsipala 50kg,Riz,24,130000,0,3120000.0,480000.0
V1268,2025-11-10,C001,Epicerie Amina,Antsiranana,P019,Ciment Holcim 50kg,Matériaux,6,45000,10,243000.0,15000.0
V1269,2025-11-10,C002,Score Jumbo,Antsiranana,P003,Huile Ril 20L,Huile,15,98000,0,1470000.0,195000.0
V1270,2025-11-10,C003,Hotel Constance Nosy Be,Nosy Be,P014,Tomate concentrée 1 carton,Conserve,3,30000,0,90000.0,15000.0
V1271,2025-11-10,C002,Score Jumbo,Antsiranana,P018,Coca 1 pack 33cl,Boisson,15,15000,0,225000.0,45000.0
V1272,2025-11-10,C005,Quincaillerie Diego,Antsiranana,P017,Eau Vive 1 pack 1.5L,Boisson,15,10000,0,150000.0,30000.0
V1273,2025-11-10,C002,Score Jumbo,Antsiranana,P009,Lait Nido 2kg,Lait,15,78000,0,1170000.0,195000.0
V1274,2025-11-10,C003,Hotel Constance Nosy Be,Nosy Be,P011,Savon Nosy 1 carton,Hygiène,13,50000,0,650000.0,104000.0
V1275,2025-11-10,C004,Epicerie Madiro,Ambanja,P003,Huile Ril 20L,Huile,3,98000,0,294000.0,39000.0
V1276,2025-11-11,C006,Alimentation Ambilobe,Ambilobe,P013,Boite Sardine 10pcs,Conserve,14,18000,5,239400.0,29400.0
V1277,2025-11-11,C003,Hotel Constance Nosy Be,Nosy Be,P003,Huile Ril 20L,Huile,13,98000,0,1274000.0,169000.0
V1278,2025-11-12,C001,Epicerie Amina,Antsiranana,P009,Lait Nido 2kg,Lait,9,78000,0,702000.0,117000.0
V1279,2025-11-13,C004,Epicerie Madiro,Ambanja,P012,Omo 1kg,Hygiène,11,10000,10,99000.0,11000.0
V1280,2025-11-13,C006,Alimentation Ambilobe,Ambilobe,P009,Lait Nido 2kg,Lait,10,78000,0,780000.0,130000.0
V1281,2025-11-13,C006,Alimentation Ambilobe,Ambilobe,P012,Omo 1kg,Hygiène,2,10000,10,18000.0,2000.0
V1282,2025-11-13,C002,Score Jumbo,Antsiranana,P016,Biscuit Gold 1 carton,Biscuit,1,22000,5,20900.0,2900.0
V1283,2025-11-14,C005,Quincaillerie Diego,Antsiranana,P011,Savon Nosy 1 carton,Hygiène,15,50000,5,712500.0,82500.0
V1284,2025-11-14,C002,Score Jumbo,Antsiranana,P003,Huile Ril 20L,Huile,11,98000,0,1078000.0,143000.0
V1285,2025-11-14,C006,Alimentation Ambilobe,Ambilobe,P010,Lait Bonnet Rouge 450g,Lait,11,4500,0,49500.0,11000.0
V1286,2025-11-14,C001,Epicerie Amina,Antsiranana,P005,Sucre Blanc 1kg,Sucre,1,4000,0,4000.0,800.0
V1287,2025-11-14,C003,Hotel Constance Nosy Be,Nosy Be,P016,Biscuit Gold 1 carton,Biscuit,2,22000,0,44000.0,8000.0
V1288,2025-11-15,C002,Score Jumbo,Antsiranana,P018,Coca 1 pack 33cl,Boisson,3,15000,0,45000.0,9000.0
V1289,2025-11-15,C004,Epicerie Madiro,Ambanja,P012,Omo 1kg,Hygiène,11,10000,10,99000.0,11000.0
V1290,2025-11-15,C006,Alimentation Ambilobe,Ambilobe,P018,Coca 1 pack 33cl,Boisson,7,15000,5,99750.0,15750.0
V1291,2025-11-15,C006,Alimentation Ambilobe,Ambilobe,P005,Sucre Blanc 1kg,Sucre,15,4000,0,60000.0,12000.0
V1292,2025-11-16,C006,Alimentation Ambilobe,Ambilobe,P004,Huile Hina 5L,Huile,14,33000,0,462000.0,70000.0
V1293,2025-11-16,C005,Quincaillerie Diego,Antsiranana,P014,Tomate concentrée 1 carton,Conserve,5,30000,0,150000.0,25000.0
V1294,2025-11-16,C006,Alimentation Ambilobe,Ambilobe,P012,Omo 1kg,Hygiène,4,10000,0,40000.0,8000.0
V1295,2025-11-17,C004,Epicerie Madiro,Ambanja,P008,Farine 1kg,Farine,14,2800,0,39200.0,8400.0
V1296,2025-11-17,C001,Epicerie Amina,Antsiranana,P012,Omo 1kg,Hygiène,9,10000,10,81000.0,9000.0
V1297,2025-11-17,C003,Hotel Constance Nosy Be,Nosy Be,P002,Riz Tsipala 50kg,Riz,30,130000,0,3900000.0,600000.0
V1298,2025-11-17,C002,Score Jumbo,Antsiranana,P004,Huile Hina 5L,Huile,14,33000,0,462000.0,70000.0
V1299,2025-11-18,C001,Epicerie Amina,Antsiranana,P007,Farine 25kg,Farine,11,54000,10,534600.0,39600.0
V1300,2025-11-18,C005,Quincaillerie Diego,Antsiranana,P001,Riz Maka 25kg,Riz,8,65000,0,520000.0,80000.0
V1301,2025-11-18,C002,Score Jumbo,Antsiranana,P005,Sucre Blanc 1kg,Sucre,13,4000,5,49400.0,7800.0
V1302,2025-11-18,C002,Score Jumbo,Antsiranana,P003,Huile Ril 20L,Huile,14,98000,5,1303400.0,113400.0
V1303,2025-11-18,C002,Score Jumbo,Antsiranana,P019,Ciment Holcim 50kg,Matériaux,4,45000,0,180000.0,28000.0
V1304,2025-11-18,C003,Hotel Constance Nosy Be,Nosy Be,P005,Sucre Blanc 1kg,Sucre,13,4000,5,49400.0,7800.0
V1305,2025-11-18,C001,Epicerie Amina,Antsiranana,P009,Lait Nido 2kg,Lait,14,78000,0,1092000.0,182000.0
V1306,2025-11-18,C002,Score Jumbo,Antsiranana,P018,Coca 1 pack 33cl,Boisson,5,15000,0,75000.0,15000.0
V1307,2025-11-19,C001,Epicerie Amina,Antsiranana,P001,Riz Maka 25kg,Riz,13,65000,0,845000.0,130000.0
V1308,2025-11-19,C003,Hotel Constance Nosy Be,Nosy Be,P008,Farine 1kg,Farine,10,2800,0,28000.0,6000.0
V1309,2025-11-20,C001,Epicerie Amina,Antsiranana,P006,Sucre Roux 1kg,Sucre,5,3800,0,19000.0,4000.0
V1310,2025-11-20,C002,Score Jumbo,Antsiranana,P014,Tomate concentrée 1 carton,Conserve,9,30000,0,270000.0,45000.0
V1311,2025-11-21,C006,Alimentation Ambilobe,Ambilobe,P003,Huile Ril 20L,Huile,8,98000,0,784000.0,104000.0
V1312,2025-11-21,C003,Hotel Constance Nosy Be,Nosy Be,P017,Eau Vive 1 pack 1.5L,Boisson,10,10000,0,100000.0,20000.0
V1313,2025-11-22,C004,Epicerie Madiro,Ambanja,P017,Eau Vive 1 pack 1.5L,Boisson,4,10000,5,38000.0,6000.0
V1314,2025-11-22,C001,Epicerie Amina,Antsiranana,P017,Eau Vive 1 pack 1.5L,Boisson,5,10000,0,50000.0,10000.0
V1315,2025-11-22,C006,Alimentation Ambilobe,Ambilobe,P001,Riz Maka 25kg,Riz,8,65000,0,520000.0,80000.0
V1316,2025-11-22,C004,Epicerie Madiro,Ambanja,P014,Tomate concentrée 1 carton,Conserve,11,30000,0,330000.0,55000.0
V1317,2025-11-22,C004,Epicerie Madiro,Ambanja,P015,Pâtes Spaghetti 500g,Pâtes,2,3200,0,6400.0,1400.0
V1318,2025-11-22,C003,Hotel Constance Nosy Be,Nosy Be,P020,Tôles 3m galvanisées,Matériaux,3,32000,0,96000.0,21000.0
V1319,2025-11-22,C002,Score Jumbo,Antsiranana,P009,Lait Nido 2kg,Lait,10,78000,10,702000.0,52000.0
V1320,2025-11-23,C005,Quincaillerie Diego,Antsiranana,P018,Coca 1 pack 33cl,Boisson,12,15000,0,180000.0,36000.0
V1321,2025-11-23,C004,Epicerie Madiro,Ambanja,P020,Tôles 3m galvanisées,Matériaux,9,32000,0,288000.0,63000.0
V1322,2025-11-23,C004,Epicerie Madiro,Ambanja,P017,Eau Vive 1 pack 1.5L,Boisson,10,10000,0,100000.0,20000.0
V1323,2025-11-23,C001,Epicerie Amina,Antsiranana,P004,Huile Hina 5L,Huile,14,33000,10,415800.0,23800.0
V1324,2025-11-23,C006,Alimentation Ambilobe,Ambilobe,P018,Coca 1 pack 33cl,Boisson,12,15000,0,180000.0,36000.0
V1325,2025-11-23,C004,Epicerie Madiro,Ambanja,P015,Pâtes Spaghetti 500g,Pâtes,15,3200,0,48000.0,10500.0
V1326,2025-11-24,C004,Epicerie Madiro,Ambanja,P011,Savon Nosy 1 carton,Hygiène,14,50000,0,700000.0,112000.0
V1327,2025-11-24,C004,Epicerie Madiro,Ambanja,P014,Tomate concentrée 1 carton,Conserve,12,30000,0,360000.0,60000.0
V1328,2025-11-24,C003,Hotel Constance Nosy Be,Nosy Be,P014,Tomate concentrée 1 carton,Conserve,6,30000,10,162000.0,12000.0
V1329,2025-11-24,C003,Hotel Constance Nosy Be,Nosy Be,P012,Omo 1kg,Hygiène,3,10000,10,27000.0,3000.0
V1330,2025-11-24,C004,Epicerie Madiro,Ambanja,P003,Huile Ril 20L,Huile,2,98000,0,196000.0,26000.0
V1331,2025-11-24,C001,Epicerie Amina,Antsiranana,P014,Tomate concentrée 1 carton,Conserve,2,30000,10,54000.0,4000.0
V1332,2025-11-24,C006,Alimentation Ambilobe,Ambilobe,P012,Omo 1kg,Hygiène,13,10000,0,130000.0,26000.0
V1333,2025-11-25,C005,Quincaillerie Diego,Antsiranana,P002,Riz Tsipala 50kg,Riz,40,130000,5,4940000.0,540000.0
V1334,2025-11-25,C003,Hotel Constance Nosy Be,Nosy Be,P004,Huile Hina 5L,Huile,7,33000,0,231000.0,35000.0
V1335,2025-11-25,C006,Alimentation Ambilobe,Ambilobe,P014,Tomate concentrée 1 carton,Conserve,14,30000,10,378000.0,28000.0
V1336,2025-11-25,C001,Epicerie Amina,Antsiranana,P010,Lait Bonnet Rouge 450g,Lait,10,4500,0,45000.0,10000.0
V1337,2025-11-25,C003,Hotel Constance Nosy Be,Nosy Be,P004,Huile Hina 5L,Huile,10,33000,5,313500.0,33500.0
V1338,2025-11-25,C002,Score Jumbo,Antsiranana,P005,Sucre Blanc 1kg,Sucre,11,4000,0,44000.0,8800.0
V1339,2025-11-26,C002,Score Jumbo,Antsiranana,P004,Huile Hina 5L,Huile,6,33000,5,188100.0,20100.0
V1340,2025-11-26,C003,Hotel Constance Nosy Be,Nosy Be,P004,Huile Hina 5L,Huile,13,33000,0,429000.0,65000.0
V1341,2025-11-26,C005,Quincaillerie Diego,Antsiranana,P008,Farine 1kg,Farine,13,2800,0,36400.0,7800.0
V1342,2025-11-26,C005,Quincaillerie Diego,Antsiranana,P020,Tôles 3m galvanisées,Matériaux,10,32000,10,288000.0,38000.0
V1343,2025-11-26,C006,Alimentation Ambilobe,Ambilobe,P018,Coca 1 pack 33cl,Boisson,1,15000,5,14250.0,2250.0
V1344,2025-11-26,C006,Alimentation Ambilobe,Ambilobe,P009,Lait Nido 2kg,Lait,1,78000,0,78000.0,13000.0
V1345,2025-11-26,C003,Hotel Constance Nosy Be,Nosy Be,P010,Lait Bonnet Rouge 450g,Lait,15,4500,0,67500.0,15000.0
V1346,2025-11-27,C003,Hotel Constance Nosy Be,Nosy Be,P001,Riz Maka 25kg,Riz,16,65000,0,1040000.0,160000.0
V1347,2025-11-27,C005,Quincaillerie Diego,Antsiranana,P013,Boite Sardine 10pcs,Conserve,2,18000,0,36000.0,6000.0
V1348,2025-11-27,C006,Alimentation Ambilobe,Ambilobe,P001,Riz Maka 25kg,Riz,10,65000,10,585000.0,35000.0
V1349,2025-11-27,C005,Quincaillerie Diego,Antsiranana,P007,Farine 25kg,Farine,7,54000,0,378000.0,63000.0
V1350,2025-11-27,C004,Epicerie Madiro,Ambanja,P011,Savon Nosy 1 carton,Hygiène,3,50000,0,150000.0,24000.0
V1351,2025-11-27,C003,Hotel Constance Nosy Be,Nosy Be,P011,Savon Nosy 1 carton,Hygiène,13,50000,5,617500.0,71500.0
V1352,2025-11-28,C005,Quincaillerie Diego,Antsiranana,P003,Huile Ril 20L,Huile,15,98000,0,1470000.0,195000.0
V1353,2025-11-28,C002,Score Jumbo,Antsiranana,P006,Sucre Roux 1kg,Sucre,13,3800,5,46930.0,7930.0
V1354,2025-11-28,C001,Epicerie Amina,Antsiranana,P003,Huile Ril 20L,Huile,5,98000,0,490000.0,65000.0
V1355,2025-11-28,C006,Alimentation Ambilobe,Ambilobe,P014,Tomate concentrée 1 carton,Conserve,8,30000,5,228000.0,28000.0
V1356,2025-11-29,C004,Epicerie Madiro,Ambanja,P014,Tomate concentrée 1 carton,Conserve,5,30000,0,150000.0,25000.0
V1357,2025-11-29,C005,Quincaillerie Diego,Antsiranana,P004,Huile Hina 5L,Huile,6,33000,0,198000.0,30000.0
V1358,2025-11-30,C001,Epicerie Amina,Antsiranana,P010,Lait Bonnet Rouge 450g,Lait,11,4500,10,44550.0,6050.0
V1359,2025-11-30,C005,Quincaillerie Diego,Antsiranana,P016,Biscuit Gold 1 carton,Biscuit,9,22000,10,178200.0,16200.0
V1360,2025-11-30,C003,Hotel Constance Nosy Be,Nosy Be,P002,Riz Tsipala 50kg,Riz,19,130000,0,2470000.0,380000.0
V1361,2025-12-01,C005,Quincaillerie Diego,Antsiranana,P002,Riz Tsipala 50kg,Riz,5,130000,0,650000.0,100000.0
V1362,2025-12-01,C003,Hotel Constance Nosy Be,Nosy Be,P007,Farine 25kg,Farine,13,54000,0,702000.0,117000.0
V1363,2025-12-01,C003,Hotel Constance Nosy Be,Nosy Be,P010,Lait Bonnet Rouge 450g,Lait,6,4500,0,27000.0,6000.0
V1364,2025-12-01,C001,Epicerie Amina,Antsiranana,P016,Biscuit Gold 1 carton,Biscuit,12,22000,0,264000.0,48000.0
V1365,2025-12-01,C002,Score Jumbo,Antsiranana,P005,Sucre Blanc 1kg,Sucre,7,4000,5,26600.0,4200.0
V1366,2025-12-02,C006,Alimentation Ambilobe,Ambilobe,P008,Farine 1kg,Farine,9,2800,5,23940.0,4140.0
V1367,2025-12-02,C006,Alimentation Ambilobe,Ambilobe,P012,Omo 1kg,Hygiène,2,10000,0,20000.0,4000.0
V1368,2025-12-02,C006,Alimentation Ambilobe,Ambilobe,P002,Riz Tsipala 50kg,Riz,32,130000,0,4160000.0,640000.0
V1369,2025-12-02,C004,Epicerie Madiro,Ambanja,P003,Huile Ril 20L,Huile,14,98000,0,1372000.0,182000.0
V1370,2025-12-02,C005,Quincaillerie Diego,Antsiranana,P014,Tomate concentrée 1 carton,Conserve,10,30000,0,300000.0,50000.0
V1371,2025-12-02,C006,Alimentation Ambilobe,Ambilobe,P014,Tomate concentrée 1 carton,Conserve,5,30000,0,150000.0,25000.0
V1372,2025-12-02,C004,Epicerie Madiro,Ambanja,P001,Riz Maka 25kg,Riz,25,65000,0,1625000.0,250000.0
V1373,2025-12-02,C005,Quincaillerie Diego,Antsiranana,P015,Pâtes Spaghetti 500g,Pâtes,14,3200,10,40320.0,5320.0
V1374,2025-12-02,C003,Hotel Constance Nosy Be,Nosy Be,P003,Huile Ril 20L,Huile,7,98000,0,686000.0,91000.0
V1375,2025-12-02,C002,Score Jumbo,Antsiranana,P014,Tomate concentrée 1 carton,Conserve,10,30000,0,300000.0,50000.0
V1376,2025-12-02,C005,Quincaillerie Diego,Antsiranana,P003,Huile Ril 20L,Huile,7,98000,0,686000.0,91000.0
V1377,2025-12-02,C006,Alimentation Ambilobe,Ambilobe,P011,Savon Nosy 1 carton,Hygiène,4,50000,0,200000.0,32000.0
V1378,2025-12-02,C002,Score Jumbo,Antsiranana,P003,Huile Ril 20L,Huile,9,98000,10,793800.0,28800.0
V1379,2025-12-03,C001,Epicerie Amina,Antsiranana,P017,Eau Vive 1 pack 1.5L,Boisson,9,10000,0,90000.0,18000.0
V1380,2025-12-03,C003,Hotel Constance Nosy Be,Nosy Be,P012,Omo 1kg,Hygiène,12,10000,10,108000.0,12000.0
V1381,2025-12-03,C002,Score Jumbo,Antsiranana,P008,Farine 1kg,Farine,2,2800,0,5600.0,1200.0
V1382,2025-12-04,C003,Hotel Constance Nosy Be,Nosy Be,P007,Farine 25kg,Farine,3,54000,5,153900.0,18900.0
V1383,2025-12-04,C002,Score Jumbo,Antsiranana,P003,Huile Ril 20L,Huile,3,98000,10,264600.0,9600.0
V1384,2025-12-04,C004,Epicerie Madiro,Ambanja,P015,Pâtes Spaghetti 500g,Pâtes,13,3200,5,39520.0,7020.0
V1385,2025-12-04,C005,Quincaillerie Diego,Antsiranana,P015,Pâtes Spaghetti 500g,Pâtes,11,3200,5,33440.0,5940.0
V1386,2025-12-04,C006,Alimentation Ambilobe,Ambilobe,P020,Tôles 3m galvanisées,Matériaux,6,32000,10,172800.0,22800.0
V1387,2025-12-04,C003,Hotel Constance Nosy Be,Nosy Be,P005,Sucre Blanc 1kg,Sucre,8,4000,0,32000.0,6400.0
V1388,2025-12-04,C004,Epicerie Madiro,Ambanja,P015,Pâtes Spaghetti 500g,Pâtes,11,3200,0,35200.0,7700.0
V1389,2025-12-04,C003,Hotel Constance Nosy Be,Nosy Be,P019,Ciment Holcim 50kg,Matériaux,1,45000,0,45000.0,7000.0
V1390,2025-12-04,C005,Quincaillerie Diego,Antsiranana,P003,Huile Ril 20L,Huile,5,98000,0,490000.0,65000.0
V1391,2025-12-05,C004,Epicerie Madiro,Ambanja,P002,Riz Tsipala 50kg,Riz,8,130000,0,1040000.0,160000.0
V1392,2025-12-05,C003,Hotel Constance Nosy Be,Nosy Be,P003,Huile Ril 20L,Huile,11,98000,0,1078000.0,143000.0
V1393,2025-12-05,C005,Quincaillerie Diego,Antsiranana,P020,Tôles 3m galvanisées,Matériaux,9,32000,0,288000.0,63000.0
V1394,2025-12-05,C004,Epicerie Madiro,Ambanja,P019,Ciment Holcim 50kg,Matériaux,9,45000,10,364500.0,22500.0
V1395,2025-12-05,C001,Epicerie Amina,Antsiranana,P015,Pâtes Spaghetti 500g,Pâtes,15,3200,5,45600.0,8100.0
V1396,2025-12-06,C006,Alimentation Ambilobe,Ambilobe,P007,Farine 25kg,Farine,6,54000,5,307800.0,37800.0
V1397,2025-12-06,C004,Epicerie Madiro,Ambanja,P017,Eau Vive 1 pack 1.5L,Boisson,3,10000,0,30000.0,6000.0
V1398,2025-12-06,C004,Epicerie Madiro,Ambanja,P004,Huile Hina 5L,Huile,13,33000,0,429000.0,65000.0
V1399,2025-12-06,C006,Alimentation Ambilobe,Ambilobe,P003,Huile Ril 20L,Huile,9,98000,10,793800.0,28800.0
V1400,2025-12-06,C002,Score Jumbo,Antsiranana,P002,Riz Tsipala 50kg,Riz,20,130000,10,2340000.0,140000.0
V1401,2025-12-06,C004,Epicerie Madiro,Ambanja,P015,Pâtes Spaghetti 500g,Pâtes,9,3200,5,27360.0,4860.0
V1402,2025-12-06,C005,Quincaillerie Diego,Antsiranana,P006,Sucre Roux 1kg,Sucre,6,3800,0,22800.0,4800.0
V1403,2025-12-06,C003,Hotel Constance Nosy Be,Nosy Be,P013,Boite Sardine 10pcs,Conserve,7,18000,0,126000.0,21000.0
V1404,2025-12-06,C006,Alimentation Ambilobe,Ambilobe,P020,Tôles 3m galvanisées,Matériaux,1,32000,10,28800.0,3800.0
V1405,2025-12-06,C006,Alimentation Ambilobe,Ambilobe,P011,Savon Nosy 1 carton,Hygiène,2,50000,0,100000.0,16000.0
V1406,2025-12-06,C001,Epicerie Amina,Antsiranana,P018,Coca 1 pack 33cl,Boisson,11,15000,0,165000.0,33000.0
V1407,2025-12-07,C003,Hotel Constance Nosy Be,Nosy Be,P009,Lait Nido 2kg,Lait,12,78000,10,842400.0,62400.0
V1408,2025-12-07,C005,Quincaillerie Diego,Antsiranana,P005,Sucre Blanc 1kg,Sucre,6,4000,0,24000.0,4800.0
V1409,2025-12-07,C005,Quincaillerie Diego,Antsiranana,P005,Sucre Blanc 1kg,Sucre,15,4000,0,60000.0,12000.0
V1410,2025-12-07,C003,Hotel Constance Nosy Be,Nosy Be,P013,Boite Sardine 10pcs,Conserve,3,18000,5,51300.0,6300.0
V1411,2025-12-07,C006,Alimentation Ambilobe,Ambilobe,P003,Huile Ril 20L,Huile,5,98000,5,465500.0,40500.0
V1412,2025-12-07,C004,Epicerie Madiro,Ambanja,P011,Savon Nosy 1 carton,Hygiène,14,50000,0,700000.0,112000.0
V1413,2025-12-07,C006,Alimentation Ambilobe,Ambilobe,P017,Eau Vive 1 pack 1.5L,Boisson,2,10000,10,18000.0,2000.0
V1414,2025-12-07,C006,Alimentation Ambilobe,Ambilobe,P014,Tomate concentrée 1 carton,Conserve,9,30000,0,270000.0,45000.0
V1415,2025-12-07,C001,Epicerie Amina,Antsiranana,P012,Omo 1kg,Hygiène,5,10000,0,50000.0,10000.0
V1416,2025-12-08,C002,Score Jumbo,Antsiranana,P011,Savon Nosy 1 carton,Hygiène,13,50000,0,650000.0,104000.0
V1417,2025-12-08,C002,Score Jumbo,Antsiranana,P008,Farine 1kg,Farine,3,2800,0,8400.0,1800.0
V1418,2025-12-08,C001,Epicerie Amina,Antsiranana,P010,Lait Bonnet Rouge 450g,Lait,14,4500,0,63000.0,14000.0
V1419,2025-12-08,C005,Quincaillerie Diego,Antsiranana,P018,Coca 1 pack 33cl,Boisson,14,15000,10,189000.0,21000.0
V1420,2025-12-08,C005,Quincaillerie Diego,Antsiranana,P002,Riz Tsipala 50kg,Riz,26,130000,5,3211000.0,351000.0
V1421,2025-12-08,C002,Score Jumbo,Antsiranana,P020,Tôles 3m galvanisées,Matériaux,7,32000,0,224000.0,49000.0
V1422,2025-12-08,C002,Score Jumbo,Antsiranana,P006,Sucre Roux 1kg,Sucre,14,3800,10,47880.0,5880.0
V1423,2025-12-08,C005,Quincaillerie Diego,Antsiranana,P006,Sucre Roux 1kg,Sucre,12,3800,0,45600.0,9600.0
V1424,2025-12-08,C001,Epicerie Amina,Antsiranana,P014,Tomate concentrée 1 carton,Conserve,6,30000,10,162000.0,12000.0
V1425,2025-12-08,C006,Alimentation Ambilobe,Ambilobe,P008,Farine 1kg,Farine,8,2800,5,21280.0,3680.0
V1426,2025-12-08,C003,Hotel Constance Nosy Be,Nosy Be,P015,Pâtes Spaghetti 500g,Pâtes,4,3200,5,12160.0,2160.0
V1427,2025-12-08,C002,Score Jumbo,Antsiranana,P010,Lait Bonnet Rouge 450g,Lait,13,4500,0,58500.0,13000.0
V1428,2025-12-08,C002,Score Jumbo,Antsiranana,P012,Omo 1kg,Hygiène,11,10000,5,104500.0,16500.0
V1429,2025-12-09,C004,Epicerie Madiro,Ambanja,P015,Pâtes Spaghetti 500g,Pâtes,13,3200,0,41600.0,9100.0
V1430,2025-12-09,C004,Epicerie Madiro,Ambanja,P017,Eau Vive 1 pack 1.5L,Boisson,9,10000,0,90000.0,18000.0
V1431,2025-12-09,C002,Score Jumbo,Antsiranana,P007,Farine 25kg,Farine,13,54000,5,666900.0,81900.0
V1432,2025-12-09,C002,Score Jumbo,Antsiranana,P009,Lait Nido 2kg,Lait,1,78000,10,70200.0,5200.0
V1433,2025-12-09,C004,Epicerie Madiro,Ambanja,P012,Omo 1kg,Hygiène,9,10000,0,90000.0,18000.0
V1434,2025-12-10,C006,Alimentation Ambilobe,Ambilobe,P017,Eau Vive 1 pack 1.5L,Boisson,14,10000,0,140000.0,28000.0
V1435,2025-12-10,C003,Hotel Constance Nosy Be,Nosy Be,P003,Huile Ril 20L,Huile,13,98000,0,1274000.0,169000.0
V1436,2025-12-10,C003,Hotel Constance Nosy Be,Nosy Be,P015,Pâtes Spaghetti 500g,Pâtes,15,3200,5,45600.0,8100.0
V1437,2025-12-10,C002,Score Jumbo,Antsiranana,P014,Tomate concentrée 1 carton,Conserve,2,30000,0,60000.0,10000.0
V1438,2025-12-10,C004,Epicerie Madiro,Ambanja,P012,Omo 1kg,Hygiène,15,10000,0,150000.0,30000.0
V1439,2025-12-10,C004,Epicerie Madiro,Ambanja,P002,Riz Tsipala 50kg,Riz,30,130000,5,3705000.0,405000.0
V1440,2025-12-10,C003,Hotel Constance Nosy Be,Nosy Be,P008,Farine 1kg,Farine,7,2800,0,19600.0,4200.0
V1441,2025-12-10,C003,Hotel Constance Nosy Be,Nosy Be,P008,Farine 1kg,Farine,1,2800,0,2800.0,600.0
V1442,2025-12-10,C001,Epicerie Amina,Antsiranana,P011,Savon Nosy 1 carton,Hygiène,13,50000,0,650000.0,104000.0
V1443,2025-12-10,C002,Score Jumbo,Antsiranana,P002,Riz Tsipala 50kg,Riz,23,130000,0,2990000.0,460000.0
V1444,2025-12-10,C006,Alimentation Ambilobe,Ambilobe,P005,Sucre Blanc 1kg,Sucre,13,4000,10,46800.0,5200.0
V1445,2025-12-11,C004,Epicerie Madiro,Ambanja,P015,Pâtes Spaghetti 500g,Pâtes,10,3200,0,32000.0,7000.0
V1446,2025-12-11,C001,Epicerie Amina,Antsiranana,P001,Riz Maka 25kg,Riz,21,65000,0,1365000.0,210000.0
V1447,2025-12-11,C002,Score Jumbo,Antsiranana,P018,Coca 1 pack 33cl,Boisson,12,15000,5,171000.0,27000.0
V1448,2025-12-11,C005,Quincaillerie Diego,Antsiranana,P014,Tomate concentrée 1 carton,Conserve,2,30000,0,60000.0,10000.0
V1449,2025-12-11,C002,Score Jumbo,Antsiranana,P010,Lait Bonnet Rouge 450g,Lait,2,4500,0,9000.0,2000.0
V1450,2025-12-11,C002,Score Jumbo,Antsiranana,P014,Tomate concentrée 1 carton,Conserve,11,30000,5,313500.0,38500.0
V1451,2025-12-11,C004,Epicerie Madiro,Ambanja,P003,Huile Ril 20L,Huile,2,98000,0,196000.0,26000.0
V1452,2025-12-11,C005,Quincaillerie Diego,Antsiranana,P018,Coca 1 pack 33cl,Boisson,1,15000,10,13500.0,1500.0
V1453,2025-12-11,C005,Quincaillerie Diego,Antsiranana,P019,Ciment Holcim 50kg,Matériaux,4,45000,10,162000.0,10000.0
V1454,2025-12-11,C002,Score Jumbo,Antsiranana,P010,Lait Bonnet Rouge 450g,Lait,7,4500,0,31500.0,7000.0
V1455,2025-12-11,C005,Quincaillerie Diego,Antsiranana,P012,Omo 1kg,Hygiène,4,10000,5,38000.0,6000.0
V1456,2025-12-11,C004,Epicerie Madiro,Ambanja,P006,Sucre Roux 1kg,Sucre,11,3800,10,37620.0,4620.0
V1457,2025-12-11,C001,Epicerie Amina,Antsiranana,P017,Eau Vive 1 pack 1.5L,Boisson,6,10000,0,60000.0,12000.0
V1458,2025-12-11,C005,Quincaillerie Diego,Antsiranana,P018,Coca 1 pack 33cl,Boisson,9,15000,5,128250.0,20250.0
V1459,2025-12-12,C005,Quincaillerie Diego,Antsiranana,P001,Riz Maka 25kg,Riz,29,65000,0,1885000.0,290000.0
V1460,2025-12-12,C001,Epicerie Amina,Antsiranana,P013,Boite Sardine 10pcs,Conserve,6,18000,0,108000.0,18000.0
V1461,2025-12-12,C006,Alimentation Ambilobe,Ambilobe,P001,Riz Maka 25kg,Riz,27,65000,0,1755000.0,270000.0
V1462,2025-12-12,C003,Hotel Constance Nosy Be,Nosy Be,P008,Farine 1kg,Farine,12,2800,10,30240.0,3840.0
V1463,2025-12-12,C006,Alimentation Ambilobe,Ambilobe,P004,Huile Hina 5L,Huile,13,33000,5,407550.0,43550.0
V1464,2025-12-12,C006,Alimentation Ambilobe,Ambilobe,P011,Savon Nosy 1 carton,Hygiène,3,50000,0,150000.0,24000.0
V1465,2025-12-12,C003,Hotel Constance Nosy Be,Nosy Be,P018,Coca 1 pack 33cl,Boisson,6,15000,10,81000.0,9000.0
V1466,2025-12-12,C002,Score Jumbo,Antsiranana,P015,Pâtes Spaghetti 500g,Pâtes,12,3200,0,38400.0,8400.0
V1467,2025-12-12,C006,Alimentation Ambilobe,Ambilobe,P006,Sucre Roux 1kg,Sucre,13,3800,0,49400.0,10400.0
V1468,2025-12-12,C001,Epicerie Amina,Antsiranana,P015,Pâtes Spaghetti 500g,Pâtes,1,3200,0,3200.0,700.0
V1469,2025-12-12,C002,Score Jumbo,Antsiranana,P002,Riz Tsipala 50kg,Riz,17,130000,0,2210000.0,340000.0
V1470,2025-12-13,C003,Hotel Constance Nosy Be,Nosy Be,P010,Lait Bonnet Rouge 450g,Lait,9,4500,0,40500.0,9000.0
V1471,2025-12-13,C005,Quincaillerie Diego,Antsiranana,P016,Biscuit Gold 1 carton,Biscuit,5,22000,0,110000.0,20000.0
V1472,2025-12-13,C006,Alimentation Ambilobe,Ambilobe,P007,Farine 25kg,Farine,5,54000,0,270000.0,45000.0
V1473,2025-12-13,C001,Epicerie Amina,Antsiranana,P011,Savon Nosy 1 carton,Hygiène,5,50000,0,250000.0,40000.0
V1474,2025-12-13,C003,Hotel Constance Nosy Be,Nosy Be,P014,Tomate concentrée 1 carton,Conserve,15,30000,0,450000.0,75000.0
V1475,2025-12-14,C006,Alimentation Ambilobe,Ambilobe,P015,Pâtes Spaghetti 500g,Pâtes,15,3200,0,48000.0,10500.0
V1476,2025-12-14,C003,Hotel Constance Nosy Be,Nosy Be,P006,Sucre Roux 1kg,Sucre,8,3800,10,27360.0,3360.0
V1477,2025-12-14,C004,Epicerie Madiro,Ambanja,P012,Omo 1kg,Hygiène,15,10000,5,142500.0,22500.0
V1478,2025-12-14,C003,Hotel Constance Nosy Be,Nosy Be,P003,Huile Ril 20L,Huile,12,98000,0,1176000.0,156000.0
V1479,2025-12-15,C001,Epicerie Amina,Antsiranana,P014,Tomate concentrée 1 carton,Conserve,10,30000,0,300000.0,50000.0
V1480,2025-12-15,C005,Quincaillerie Diego,Antsiranana,P010,Lait Bonnet Rouge 450g,Lait,6,4500,0,27000.0,6000.0
V1481,2025-12-15,C001,Epicerie Amina,Antsiranana,P011,Savon Nosy 1 carton,Hygiène,11,50000,0,550000.0,88000.0
V1482,2025-12-15,C003,Hotel Constance Nosy Be,Nosy Be,P015,Pâtes Spaghetti 500g,Pâtes,10,3200,10,28800.0,3800.0
V1483,2025-12-15,C004,Epicerie Madiro,Ambanja,P006,Sucre Roux 1kg,Sucre,12,3800,0,45600.0,9600.0
V1484,2025-12-15,C003,Hotel Constance Nosy Be,Nosy Be,P015,Pâtes Spaghetti 500g,Pâtes,1,3200,10,2880.0,380.0
V1485,2025-12-15,C003,Hotel Constance Nosy Be,Nosy Be,P020,Tôles 3m galvanisées,Matériaux,7,32000,0,224000.0,49000.0
V1486,2025-12-15,C006,Alimentation Ambilobe,Ambilobe,P002,Riz Tsipala 50kg,Riz,9,130000,10,1053000.0,63000.0
V1487,2025-12-15,C006,Alimentation Ambilobe,Ambilobe,P013,Boite Sardine 10pcs,Conserve,6,18000,5,102600.0,12600.0
V1488,2025-12-15,C006,Alimentation Ambilobe,Ambilobe,P006,Sucre Roux 1kg,Sucre,1,3800,0,3800.0,800.0
V1489,2025-12-15,C005,Quincaillerie Diego,Antsiranana,P015,Pâtes Spaghetti 500g,Pâtes,1,3200,0,3200.0,700.0
V1490,2025-12-15,C001,Epicerie Amina,Antsiranana,P008,Farine 1kg,Farine,13,2800,10,32760.0,4160.0
V1491,2025-12-16,C003,Hotel Constance Nosy Be,Nosy Be,P012,Omo 1kg,Hygiène,7,10000,5,66500.0,10500.0
V1492,2025-12-16,C001,Epicerie Amina,Antsiranana,P020,Tôles 3m galvanisées,Matériaux,3,32000,10,86400.0,11400.0
V1493,2025-12-16,C004,Epicerie Madiro,Ambanja,P012,Omo 1kg,Hygiène,6,10000,0,60000.0,12000.0
V1494,2025-12-16,C001,Epicerie Amina,Antsiranana,P019,Ciment Holcim 50kg,Matériaux,3,45000,5,128250.0,14250.0
V1495,2025-12-16,C003,Hotel Constance Nosy Be,Nosy Be,P013,Boite Sardine 10pcs,Conserve,6,18000,10,97200.0,7200.0
V1496,2025-12-16,C003,Hotel Constance Nosy Be,Nosy Be,P008,Farine 1kg,Farine,2,2800,0,5600.0,1200.0
V1497,2025-12-16,C006,Alimentation Ambilobe,Ambilobe,P006,Sucre Roux 1kg,Sucre,8,3800,5,28880.0,4880.0
V1498,2025-12-17,C004,Epicerie Madiro,Ambanja,P018,Coca 1 pack 33cl,Boisson,2,15000,0,30000.0,6000.0
V1499,2025-12-17,C003,Hotel Constance Nosy Be,Nosy Be,P015,Pâtes Spaghetti 500g,Pâtes,4,3200,5,12160.0,2160.0
V1500,2025-12-17,C003,Hotel Constance Nosy Be,Nosy Be,P016,Biscuit Gold 1 carton,Biscuit,4,22000,0,88000.0,16000.0
V1501,2025-12-17,C002,Score Jumbo,Antsiranana,P003,Huile Ril 20L,Huile,8,98000,0,784000.0,104000.0
V1502,2025-12-18,C006,Alimentation Ambilobe,Ambilobe,P015,Pâtes Spaghetti 500g,Pâtes,2,3200,10,5760.0,760.0
V1503,2025-12-18,C003,Hotel Constance Nosy Be,Nosy Be,P012,Omo 1kg,Hygiène,12,10000,0,120000.0,24000.0
V1504,2025-12-18,C005,Quincaillerie Diego,Antsiranana,P018,Coca 1 pack 33cl,Boisson,5,15000,0,75000.0,15000.0
V1505,2025-12-18,C002,Score Jumbo,Antsiranana,P006,Sucre Roux 1kg,Sucre,13,3800,0,49400.0,10400.0
V1506,2025-12-18,C005,Quincaillerie Diego,Antsiranana,P008,Farine 1kg,Farine,2,2800,0,5600.0,1200.0
V1507,2025-12-18,C002,Score Jumbo,Antsiranana,P008,Farine 1kg,Farine,13,2800,0,36400.0,7800.0
V1508,2025-12-19,C001,Epicerie Amina,Antsiranana,P012,Omo 1kg,Hygiène,9,10000,5,85500.0,13500.0
V1509,2025-12-19,C003,Hotel Constance Nosy Be,Nosy Be,P015,Pâtes Spaghetti 500g,Pâtes,13,3200,5,39520.0,7020.0
V1510,2025-12-19,C002,Score Jumbo,Antsiranana,P020,Tôles 3m galvanisées,Matériaux,15,32000,0,480000.0,105000.0
V1511,2025-12-19,C001,Epicerie Amina,Antsiranana,P010,Lait Bonnet Rouge 450g,Lait,7,4500,10,28350.0,3850.0
V1512,2025-12-20,C006,Alimentation Ambilobe,Ambilobe,P016,Biscuit Gold 1 carton,Biscuit,9,22000,0,198000.0,36000.0
V1513,2025-12-20,C004,Epicerie Madiro,Ambanja,P019,Ciment Holcim 50kg,Matériaux,2,45000,0,90000.0,14000.0
V1514,2025-12-20,C003,Hotel Constance Nosy Be,Nosy Be,P003,Huile Ril 20L,Huile,8,98000,0,784000.0,104000.0
V1515,2025-12-20,C006,Alimentation Ambilobe,Ambilobe,P017,Eau Vive 1 pack 1.5L,Boisson,6,10000,0,60000.0,12000.0
V1516,2025-12-20,C005,Quincaillerie Diego,Antsiranana,P019,Ciment Holcim 50kg,Matériaux,3,45000,0,135000.0,21000.0
V1517,2025-12-20,C004,Epicerie Madiro,Ambanja,P017,Eau Vive 1 pack 1.5L,Boisson,15,10000,0,150000.0,30000.0
V1518,2025-12-20,C001,Epicerie Amina,Antsiranana,P017,Eau Vive 1 pack 1.5L,Boisson,3,10000,0,30000.0,6000.0
V1519,2025-12-21,C002,Score Jumbo,Antsiranana,P006,Sucre Roux 1kg,Sucre,6,3800,10,20520.0,2520.0
V1520,2025-12-21,C002,Score Jumbo,Antsiranana,P012,Omo 1kg,Hygiène,9,10000,0,90000.0,18000.0
V1521,2025-12-21,C001,Epicerie Amina,Antsiranana,P009,Lait Nido 2kg,Lait,4,78000,10,280800.0,20800.0
V1522,2025-12-21,C005,Quincaillerie Diego,Antsiranana,P009,Lait Nido 2kg,Lait,3,78000,10,210600.0,15600.0
V1523,2025-12-21,C003,Hotel Constance Nosy Be,Nosy Be,P020,Tôles 3m galvanisées,Matériaux,9,32000,0,288000.0,63000.0
V1524,2025-12-21,C005,Quincaillerie Diego,Antsiranana,P006,Sucre Roux 1kg,Sucre,10,3800,5,36100.0,6100.0
V1525,2025-12-21,C002,Score Jumbo,Antsiranana,P006,Sucre Roux 1kg,Sucre,11,3800,5,39710.0,6710.0
V1526,2025-12-22,C006,Alimentation Ambilobe,Ambilobe,P020,Tôles 3m galvanisées,Matériaux,6,32000,5,182400.0,32400.0
V1527,2025-12-22,C001,Epicerie Amina,Antsiranana,P001,Riz Maka 25kg,Riz,10,65000,0,650000.0,100000.0
V1528,2025-12-22,C006,Alimentation Ambilobe,Ambilobe,P019,Ciment Holcim 50kg,Matériaux,5,45000,10,202500.0,12500.0
V1529,2025-12-22,C002,Score Jumbo,Antsiranana,P019,Ciment Holcim 50kg,Matériaux,7,45000,5,299250.0,33250.0
V1530,2025-12-22,C006,Alimentation Ambilobe,Ambilobe,P001,Riz Maka 25kg,Riz,36,65000,10,2106000.0,126000.0
V1531,2025-12-22,C005,Quincaillerie Diego,Antsiranana,P010,Lait Bonnet Rouge 450g,Lait,11,4500,0,49500.0,11000.0
V1532,2025-12-22,C004,Epicerie Madiro,Ambanja,P008,Farine 1kg,Farine,13,2800,10,32760.0,4160.0
V1533,2025-12-23,C004,Epicerie Madiro,Ambanja,P010,Lait Bonnet Rouge 450g,Lait,8,4500,0,36000.0,8000.0
V1534,2025-12-23,C006,Alimentation Ambilobe,Ambilobe,P002,Riz Tsipala 50kg,Riz,15,130000,0,1950000.0,300000.0
V1535,2025-12-23,C004,Epicerie Madiro,Ambanja,P016,Biscuit Gold 1 carton,Biscuit,8,22000,0,176000.0,32000.0
V1536,2025-12-23,C003,Hotel Constance Nosy Be,Nosy Be,P020,Tôles 3m galvanisées,Matériaux,3,32000,0,96000.0,21000.0
V1537,2025-12-23,C006,Alimentation Ambilobe,Ambilobe,P011,Savon Nosy 1 carton,Hygiène,12,50000,0,600000.0,96000.0
V1538,2025-12-23,C004,Epicerie Madiro,Ambanja,P005,Sucre Blanc 1kg,Sucre,13,4000,0,52000.0,10400.0
V1539,2025-12-23,C005,Quincaillerie Diego,Antsiranana,P018,Coca 1 pack 33cl,Boisson,2,15000,0,30000.0,6000.0
V1540,2025-12-23,C002,Score Jumbo,Antsiranana,P015,Pâtes Spaghetti 500g,Pâtes,2,3200,0,6400.0,1400.0
V1541,2025-12-24,C004,Epicerie Madiro,Ambanja,P008,Farine 1kg,Farine,3,2800,0,8400.0,1800.0
V1542,2025-12-24,C001,Epicerie Amina,Antsiranana,P010,Lait Bonnet Rouge 450g,Lait,7,4500,5,29925.0,5425.0
V1543,2025-12-24,C004,Epicerie Madiro,Ambanja,P008,Farine 1kg,Farine,14,2800,0,39200.0,8400.0
V1544,2025-12-24,C003,Hotel Constance Nosy Be,Nosy Be,P019,Ciment Holcim 50kg,Matériaux,12,45000,0,540000.0,84000.0
V1545,2025-12-25,C002,Score Jumbo,Antsiranana,P006,Sucre Roux 1kg,Sucre,8,3800,5,28880.0,4880.0
V1546,2025-12-25,C004,Epicerie Madiro,Ambanja,P016,Biscuit Gold 1 carton,Biscuit,15,22000,0,330000.0,60000.0
V1547,2025-12-25,C004,Epicerie Madiro,Ambanja,P001,Riz Maka 25kg,Riz,10,65000,0,650000.0,100000.0
V1548,2025-12-25,C005,Quincaillerie Diego,Antsiranana,P015,Pâtes Spaghetti 500g,Pâtes,4,3200,0,12800.0,2800.0
V1549,2025-12-25,C005,Quincaillerie Diego,Antsiranana,P012,Omo 1kg,Hygiène,1,10000,0,10000.0,2000.0
V1550,2025-12-25,C003,Hotel Constance Nosy Be,Nosy Be,P016,Biscuit Gold 1 carton,Biscuit,10,22000,10,198000.0,18000.0
V1551,2025-12-25,C006,Alimentation Ambilobe,Ambilobe,P016,Biscuit Gold 1 carton,Biscuit,5,22000,5,104500.0,14500.0
V1552,2025-12-25,C001,Epicerie Amina,Antsiranana,P004,Huile Hina 5L,Huile,7,33000,0,231000.0,35000.0
V1553,2025-12-26,C003,Hotel Constance Nosy Be,Nosy Be,P012,Omo 1kg,Hygiène,13,10000,0,130000.0,26000.0
V1554,2025-12-26,C003,Hotel Constance Nosy Be,Nosy Be,P002,Riz Tsipala 50kg,Riz,30,130000,0,3900000.0,600000.0
V1555,2025-12-26,C005,Quincaillerie Diego,Antsiranana,P018,Coca 1 pack 33cl,Boisson,4,15000,0,60000.0,12000.0
V1556,2025-12-26,C005,Quincaillerie Diego,Antsiranana,P010,Lait Bonnet Rouge 450g,Lait,2,4500,0,9000.0,2000.0
V1557,2025-12-26,C005,Quincaillerie Diego,Antsiranana,P015,Pâtes Spaghetti 500g,Pâtes,13,3200,5,39520.0,7020.0
V1558,2025-12-26,C003,Hotel Constance Nosy Be,Nosy Be,P020,Tôles 3m galvanisées,Matériaux,11,32000,5,334400.0,59400.0
V1559,2025-12-26,C001,Epicerie Amina,Antsiranana,P005,Sucre Blanc 1kg,Sucre,2,4000,0,8000.0,1600.0
V1560,2025-12-26,C003,Hotel Constance Nosy Be,Nosy Be,P011,Savon Nosy 1 carton,Hygiène,9,50000,0,450000.0,72000.0
V1561,2025-12-27,C002,Score Jumbo,Antsiranana,P007,Farine 25kg,Farine,10,54000,5,513000.0,63000.0
V1562,2025-12-27,C004,Epicerie Madiro,Ambanja,P017,Eau Vive 1 pack 1.5L,Boisson,1,10000,0,10000.0,2000.0
V1563,2025-12-27,C001,Epicerie Amina,Antsiranana,P005,Sucre Blanc 1kg,Sucre,12,4000,0,48000.0,9600.0
V1564,2025-12-27,C004,Epicerie Madiro,Ambanja,P017,Eau Vive 1 pack 1.5L,Boisson,8,10000,0,80000.0,16000.0
V1565,2025-12-27,C005,Quincaillerie Diego,Antsiranana,P017,Eau Vive 1 pack 1.5L,Boisson,3,10000,0,30000.0,6000.0
V1566,2025-12-27,C005,Quincaillerie Diego,Antsiranana,P011,Savon Nosy 1 carton,Hygiène,3,50000,0,150000.0,24000.0
V1567,2025-12-28,C005,Quincaillerie Diego,Antsiranana,P010,Lait Bonnet Rouge 450g,Lait,10,4500,0,45000.0,10000.0
V1568,2025-12-28,C005,Quincaillerie Diego,Antsiranana,P017,Eau Vive 1 pack 1.5L,Boisson,9,10000,0,90000.0,18000.0
V1569,2025-12-28,C006,Alimentation Ambilobe,Ambilobe,P019,Ciment Holcim 50kg,Matériaux,5,45000,0,225000.0,35000.0
V1570,2025-12-28,C001,Epicerie Amina,Antsiranana,P012,Omo 1kg,Hygiène,6,10000,10,54000.0,6000.0
V1571,2025-12-28,C001,Epicerie Amina,Antsiranana,P014,Tomate concentrée 1 carton,Conserve,10,30000,0,300000.0,50000.0
V1572,2025-12-28,C006,Alimentation Ambilobe,Ambilobe,P001,Riz Maka 25kg,Riz,35,65000,0,2275000.0,350000.0
V1573,2025-12-29,C006,Alimentation Ambilobe,Ambilobe,P019,Ciment Holcim 50kg,Matériaux,10,45000,0,450000.0,70000.0
V1574,2025-12-29,C006,Alimentation Ambilobe,Ambilobe,P002,Riz Tsipala 50kg,Riz,35,130000,0,4550000.0,700000.0
V1575,2025-12-29,C005,Quincaillerie Diego,Antsiranana,P020,Tôles 3m galvanisées,Matériaux,13,32000,0,416000.0,91000.0
V1576,2025-12-29,C002,Score Jumbo,Antsiranana,P008,Farine 1kg,Farine,1,2800,5,2660.0,460.0
V1577,2025-12-29,C006,Alimentation Ambilobe,Ambilobe,P004,Huile Hina 5L,Huile,4,33000,0,132000.0,20000.0
V1578,2025-12-29,C004,Epicerie Madiro,Ambanja,P011,Savon Nosy 1 carton,Hygiène,7,50000,0,350000.0,56000.0
V1579,2025-12-29,C004,Epicerie Madiro,Ambanja,P007,Farine 25kg,Farine,7,54000,5,359100.0,44100.0
V1580,2025-12-29,C005,Quincaillerie Diego,Antsiranana,P016,Biscuit Gold 1 carton,Biscuit,14,22000,10,277200.0,25200.0
V1581,2025-12-29,C006,Alimentation Ambilobe,Ambilobe,P002,Riz Tsipala 50kg,Riz,13,130000,5,1605500.0,175500.0
V1582,2025-12-29,C002,Score Jumbo,Antsiranana,P018,Coca 1 pack 33cl,Boisson,6,15000,10,81000.0,9000.0
V1583,2025-12-29,C004,Epicerie Madiro,Ambanja,P017,Eau Vive 1 pack 1.5L,Boisson,7,10000,0,70000.0,14000.0
V1584,2025-12-30,C002,Score Jumbo,Antsiranana,P015,Pâtes Spaghetti 500g,Pâtes,15,3200,5,45600.0,8100.0
V1585,2025-12-30,C003,Hotel Constance Nosy Be,Nosy Be,P018,Coca 1 pack 33cl,Boisson,6,15000,10,81000.0,9000.0
V1586,2025-12-30,C006,Alimentation Ambilobe,Ambilobe,P009,Lait Nido 2kg,Lait,10,78000,0,780000.0,130000.0
V1587,2025-12-30,C002,Score Jumbo,Antsiranana,P008,Farine 1kg,Farine,5,2800,5,13300.0,2300.0
V1588,2025-12-30,C003,Hotel Constance Nosy Be,Nosy Be,P008,Farine 1kg,Farine,5,2800,0,14000.0,3000.0
V1589,2025-12-30,C006,Alimentation Ambilobe,Ambilobe,P007,Farine 25kg,Farine,12,54000,10,583200.0,43200.0
V1590,2025-12-30,C004,Epicerie Madiro,Ambanja,P011,Savon Nosy 1 carton,Hygiène,8,50000,0,400000.0,64000.0
V1591,2025-12-31,C005,Quincaillerie Diego,Antsiranana,P009,Lait Nido 2kg,Lait,5,78000,0,390000.0,65000.0
V1592,2025-12-31,C005,Quincaillerie Diego,Antsiranana,P018,Coca 1 pack 33cl,Boisson,7,15000,0,105000.0,21000.0
V1593,2025-12-31,C003,Hotel Constance Nosy Be,Nosy Be,P005,Sucre Blanc 1kg,Sucre,5,4000,0,20000.0,4000.0
V1594,2025-12-31,C003,Hotel Constance Nosy Be,Nosy Be,P003,Huile Ril 20L,Huile,6,98000,0,588000.0,78000.0
V1595,2025-12-31,C006,Alimentation Ambilobe,Ambilobe,P009,Lait Nido 2kg,Lait,12,78000,0,936000.0,156000.0
V1596,2025-12-31,C002,Score Jumbo,Antsiranana,P007,Farine 25kg,Farine,14,54000,5,718200.0,88200.0
V1597,2026-01-01,C003,Hotel Constance Nosy Be,Nosy Be,P018,Coca 1 pack 33cl,Boisson,12,15000,0,180000.0,36000.0
V1598,2026-01-01,C002,Score Jumbo,Antsiranana,P004,Huile Hina 5L,Huile,10,33000,10,297000.0,17000.0
V1599,2026-01-02,C005,Quincaillerie Diego,Antsiranana,P008,Farine 1kg,Farine,4,2800,0,11200.0,2400.0
V1600,2026-01-02,C006,Alimentation Ambilobe,Ambilobe,P017,Eau Vive 1 pack 1.5L,Boisson,4,10000,10,36000.0,4000.0
V1601,2026-01-02,C002,Score Jumbo,Antsiranana,P002,Riz Tsipala 50kg,Riz,11,130000,0,1430000.0,220000.0
V1602,2026-01-02,C003,Hotel Constance Nosy Be,Nosy Be,P016,Biscuit Gold 1 carton,Biscuit,2,22000,10,39600.0,3600.0
V1603,2026-01-02,C002,Score Jumbo,Antsiranana,P001,Riz Maka 25kg,Riz,40,65000,0,2600000.0,400000.0
V1604,2026-01-02,C004,Epicerie Madiro,Ambanja,P016,Biscuit Gold 1 carton,Biscuit,8,22000,10,158400.0,14400.0
V1605,2026-01-02,C002,Score Jumbo,Antsiranana,P010,Lait Bonnet Rouge 450g,Lait,6,4500,0,27000.0,6000.0
V1606,2026-01-02,C006,Alimentation Ambilobe,Ambilobe,P002,Riz Tsipala 50kg,Riz,10,130000,10,1170000.0,70000.0
V1607,2026-01-03,C005,Quincaillerie Diego,Antsiranana,P008,Farine 1kg,Farine,9,2800,10,22680.0,2880.0
V1608,2026-01-03,C006,Alimentation Ambilobe,Ambilobe,P002,Riz Tsipala 50kg,Riz,16,130000,0,2080000.0,320000.0
V1609,2026-01-03,C002,Score Jumbo,Antsiranana,P002,Riz Tsipala 50kg,Riz,30,130000,0,3900000.0,600000.0
V1610,2026-01-03,C002,Score Jumbo,Antsiranana,P010,Lait Bonnet Rouge 450g,Lait,15,4500,0,67500.0,15000.0
V1611,2026-01-03,C001,Epicerie Amina,Antsiranana,P010,Lait Bonnet Rouge 450g,Lait,10,4500,5,42750.0,7750.0
V1612,2026-01-03,C001,Epicerie Amina,Antsiranana,P011,Savon Nosy 1 carton,Hygiène,5,50000,0,250000.0,40000.0
V1613,2026-01-03,C006,Alimentation Ambilobe,Ambilobe,P018,Coca 1 pack 33cl,Boisson,9,15000,0,135000.0,27000.0
V1614,2026-01-04,C002,Score Jumbo,Antsiranana,P017,Eau Vive 1 pack 1.5L,Boisson,8,10000,0,80000.0,16000.0
V1615,2026-01-04,C002,Score Jumbo,Antsiranana,P004,Huile Hina 5L,Huile,6,33000,0,198000.0,30000.0
V1616,2026-01-04,C006,Alimentation Ambilobe,Ambilobe,P015,Pâtes Spaghetti 500g,Pâtes,11,3200,0,35200.0,7700.0
V1617,2026-01-04,C006,Alimentation Ambilobe,Ambilobe,P006,Sucre Roux 1kg,Sucre,1,3800,10,3420.0,420.0
V1618,2026-01-05,C003,Hotel Constance Nosy Be,Nosy Be,P010,Lait Bonnet Rouge 450g,Lait,10,4500,10,40500.0,5500.0
V1619,2026-01-05,C002,Score Jumbo,Antsiranana,P006,Sucre Roux 1kg,Sucre,10,3800,10,34200.0,4200.0
V1620,2026-01-05,C004,Epicerie Madiro,Ambanja,P014,Tomate concentrée 1 carton,Conserve,9,30000,0,270000.0,45000.0
V1621,2026-01-06,C001,Epicerie Amina,Antsiranana,P013,Boite Sardine 10pcs,Conserve,11,18000,0,198000.0,33000.0
V1622,2026-01-06,C002,Score Jumbo,Antsiranana,P005,Sucre Blanc 1kg,Sucre,8,4000,0,32000.0,6400.0
V1623,2026-01-06,C002,Score Jumbo,Antsiranana,P001,Riz Maka 25kg,Riz,21,65000,0,1365000.0,210000.0
V1624,2026-01-06,C002,Score Jumbo,Antsiranana,P015,Pâtes Spaghetti 500g,Pâtes,13,3200,0,41600.0,9100.0
V1625,2026-01-06,C003,Hotel Constance Nosy Be,Nosy Be,P010,Lait Bonnet Rouge 450g,Lait,10,4500,10,40500.0,5500.0
V1626,2026-01-06,C005,Quincaillerie Diego,Antsiranana,P001,Riz Maka 25kg,Riz,21,65000,10,1228500.0,73500.0
V1627,2026-01-06,C003,Hotel Constance Nosy Be,Nosy Be,P008,Farine 1kg,Farine,1,2800,10,2520.0,320.0
V1628,2026-01-06,C001,Epicerie Amina,Antsiranana,P015,Pâtes Spaghetti 500g,Pâtes,5,3200,0,16000.0,3500.0
V1629,2026-01-07,C004,Epicerie Madiro,Ambanja,P017,Eau Vive 1 pack 1.5L,Boisson,15,10000,10,135000.0,15000.0
V1630,2026-01-07,C003,Hotel Constance Nosy Be,Nosy Be,P004,Huile Hina 5L,Huile,11,33000,0,363000.0,55000.0
V1631,2026-01-07,C003,Hotel Constance Nosy Be,Nosy Be,P020,Tôles 3m galvanisées,Matériaux,4,32000,0,128000.0,28000.0
V1632,2026-01-07,C002,Score Jumbo,Antsiranana,P016,Biscuit Gold 1 carton,Biscuit,3,22000,0,66000.0,12000.0
V1633,2026-01-07,C006,Alimentation Ambilobe,Ambilobe,P020,Tôles 3m galvanisées,Matériaux,6,32000,0,192000.0,42000.0
V1634,2026-01-07,C006,Alimentation Ambilobe,Ambilobe,P018,Coca 1 pack 33cl,Boisson,15,15000,0,225000.0,45000.0
V1635,2026-01-08,C005,Quincaillerie Diego,Antsiranana,P007,Farine 25kg,Farine,13,54000,0,702000.0,117000.0
V1636,2026-01-08,C006,Alimentation Ambilobe,Ambilobe,P020,Tôles 3m galvanisées,Matériaux,14,32000,0,448000.0,98000.0
V1637,2026-01-08,C005,Quincaillerie Diego,Antsiranana,P015,Pâtes Spaghetti 500g,Pâtes,9,3200,10,25920.0,3420.0
V1638,2026-01-08,C003,Hotel Constance Nosy Be,Nosy Be,P003,Huile Ril 20L,Huile,15,98000,5,1396500.0,121500.0
V1639,2026-01-08,C001,Epicerie Amina,Antsiranana,P002,Riz Tsipala 50kg,Riz,40,130000,5,4940000.0,540000.0
V1640,2026-01-08,C002,Score Jumbo,Antsiranana,P019,Ciment Holcim 50kg,Matériaux,9,45000,0,405000.0,63000.0
V1641,2026-01-08,C002,Score Jumbo,Antsiranana,P011,Savon Nosy 1 carton,Hygiène,14,50000,5,665000.0,77000.0
V1642,2026-01-09,C004,Epicerie Madiro,Ambanja,P004,Huile Hina 5L,Huile,11,33000,0,363000.0,55000.0
V1643,2026-01-09,C006,Alimentation Ambilobe,Ambilobe,P019,Ciment Holcim 50kg,Matériaux,8,45000,0,360000.0,56000.0
V1644,2026-01-09,C005,Quincaillerie Diego,Antsiranana,P015,Pâtes Spaghetti 500g,Pâtes,13,3200,0,41600.0,9100.0
V1645,2026-01-09,C004,Epicerie Madiro,Ambanja,P005,Sucre Blanc 1kg,Sucre,9,4000,0,36000.0,7200.0
V1646,2026-01-09,C004,Epicerie Madiro,Ambanja,P019,Ciment Holcim 50kg,Matériaux,1,45000,5,42750.0,4750.0
V1647,2026-01-09,C004,Epicerie Madiro,Ambanja,P010,Lait Bonnet Rouge 450g,Lait,12,4500,0,54000.0,12000.0
V1648,2026-01-09,C004,Epicerie Madiro,Ambanja,P009,Lait Nido 2kg,Lait,14,78000,0,1092000.0,182000.0
V1649,2026-01-10,C006,Alimentation Ambilobe,Ambilobe,P007,Farine 25kg,Farine,10,54000,0,540000.0,90000.0
V1650,2026-01-10,C001,Epicerie Amina,Antsiranana,P014,Tomate concentrée 1 carton,Conserve,6,30000,10,162000.0,12000.0
V1651,2026-01-10,C001,Epicerie Amina,Antsiranana,P018,Coca 1 pack 33cl,Boisson,1,15000,0,15000.0,3000.0
V1652,2026-01-10,C004,Epicerie Madiro,Ambanja,P002,Riz Tsipala 50kg,Riz,23,130000,0,2990000.0,460000.0
V1653,2026-01-10,C002,Score Jumbo,Antsiranana,P005,Sucre Blanc 1kg,Sucre,13,4000,10,46800.0,5200.0
V1654,2026-01-11,C006,Alimentation Ambilobe,Ambilobe,P014,Tomate concentrée 1 carton,Conserve,6,30000,0,180000.0,30000.0
V1655,2026-01-11,C004,Epicerie Madiro,Ambanja,P013,Boite Sardine 10pcs,Conserve,7,18000,0,126000.0,21000.0
V1656,2026-01-11,C006,Alimentation Ambilobe,Ambilobe,P018,Coca 1 pack 33cl,Boisson,3,15000,10,40500.0,4500.0
V1657,2026-01-11,C003,Hotel Constance Nosy Be,Nosy Be,P004,Huile Hina 5L,Huile,3,33000,5,94050.0,10050.0
V1658,2026-01-12,C004,Epicerie Madiro,Ambanja,P017,Eau Vive 1 pack 1.5L,Boisson,3,10000,10,27000.0,3000.0
V1659,2026-01-12,C002,Score Jumbo,Antsiranana,P001,Riz Maka 25kg,Riz,6,65000,0,390000.0,60000.0
V1660,2026-01-12,C004,Epicerie Madiro,Ambanja,P018,Coca 1 pack 33cl,Boisson,7,15000,5,99750.0,15750.0
V1661,2026-01-12,C004,Epicerie Madiro,Ambanja,P008,Farine 1kg,Farine,4,2800,0,11200.0,2400.0
V1662,2026-01-12,C003,Hotel Constance Nosy Be,Nosy Be,P005,Sucre Blanc 1kg,Sucre,5,4000,0,20000.0,4000.0
V1663,2026-01-12,C006,Alimentation Ambilobe,Ambilobe,P004,Huile Hina 5L,Huile,1,33000,10,29700.0,1700.0
V1664,2026-01-13,C004,Epicerie Madiro,Ambanja,P020,Tôles 3m galvanisées,Matériaux,13,32000,0,416000.0,91000.0
V1665,2026-01-13,C002,Score Jumbo,Antsiranana,P007,Farine 25kg,Farine,2,54000,0,108000.0,18000.0
V1666,2026-01-13,C005,Quincaillerie Diego,Antsiranana,P002,Riz Tsipala 50kg,Riz,33,130000,5,4075500.0,445500.0
V1667,2026-01-13,C006,Alimentation Ambilobe,Ambilobe,P002,Riz Tsipala 50kg,Riz,20,130000,10,2340000.0,140000.0
V1668,2026-01-13,C001,Epicerie Amina,Antsiranana,P013,Boite Sardine 10pcs,Conserve,8,18000,0,144000.0,24000.0
V1669,2026-01-14,C005,Quincaillerie Diego,Antsiranana,P007,Farine 25kg,Farine,13,54000,0,702000.0,117000.0
V1670,2026-01-14,C002,Score Jumbo,Antsiranana,P017,Eau Vive 1 pack 1.5L,Boisson,5,10000,0,50000.0,10000.0
V1671,2026-01-14,C006,Alimentation Ambilobe,Ambilobe,P019,Ciment Holcim 50kg,Matériaux,6,45000,5,256500.0,28500.0
V1672,2026-01-14,C005,Quincaillerie Diego,Antsiranana,P011,Savon Nosy 1 carton,Hygiène,4,50000,0,200000.0,32000.0
V1673,2026-01-14,C002,Score Jumbo,Antsiranana,P017,Eau Vive 1 pack 1.5L,Boisson,4,10000,0,40000.0,8000.0
V1674,2026-01-14,C003,Hotel Constance Nosy Be,Nosy Be,P009,Lait Nido 2kg,Lait,1,78000,5,74100.0,9100.0
V1675,2026-01-15,C005,Quincaillerie Diego,Antsiranana,P006,Sucre Roux 1kg,Sucre,11,3800,10,37620.0,4620.0
V1676,2026-01-15,C004,Epicerie Madiro,Ambanja,P018,Coca 1 pack 33cl,Boisson,8,15000,0,120000.0,24000.0
V1677,2026-01-15,C003,Hotel Constance Nosy Be,Nosy Be,P013,Boite Sardine 10pcs,Conserve,13,18000,5,222300.0,27300.0
V1678,2026-01-15,C003,Hotel Constance Nosy Be,Nosy Be,P014,Tomate concentrée 1 carton,Conserve,7,30000,0,210000.0,35000.0
V1679,2026-01-16,C003,Hotel Constance Nosy Be,Nosy Be,P013,Boite Sardine 10pcs,Conserve,3,18000,5,51300.0,6300.0
V1680,2026-01-16,C004,Epicerie Madiro,Ambanja,P008,Farine 1kg,Farine,14,2800,0,39200.0,8400.0
V1681,2026-01-16,C003,Hotel Constance Nosy Be,Nosy Be,P005,Sucre Blanc 1kg,Sucre,13,4000,0,52000.0,10400.0
V1682,2026-01-16,C001,Epicerie Amina,Antsiranana,P018,Coca 1 pack 33cl,Boisson,7,15000,0,105000.0,21000.0
V1683,2026-01-16,C005,Quincaillerie Diego,Antsiranana,P017,Eau Vive 1 pack 1.5L,Boisson,3,10000,0,30000.0,6000.0
V1684,2026-01-16,C002,Score Jumbo,Antsiranana,P009,Lait Nido 2kg,Lait,4,78000,0,312000.0,52000.0
V1685,2026-01-16,C006,Alimentation Ambilobe,Ambilobe,P003,Huile Ril 20L,Huile,15,98000,0,1470000.0,195000.0
V1686,2026-01-16,C003,Hotel Constance Nosy Be,Nosy Be,P003,Huile Ril 20L,Huile,9,98000,10,793800.0,28800.0
V1687,2026-01-16,C002,Score Jumbo,Antsiranana,P002,Riz Tsipala 50kg,Riz,22,130000,0,2860000.0,440000.0
V1688,2026-01-17,C006,Alimentation Ambilobe,Ambilobe,P020,Tôles 3m galvanisées,Matériaux,10,32000,0,320000.0,70000.0
V1689,2026-01-17,C001,Epicerie Amina,Antsiranana,P007,Farine 25kg,Farine,13,54000,5,666900.0,81900.0
V1690,2026-01-17,C006,Alimentation Ambilobe,Ambilobe,P018,Coca 1 pack 33cl,Boisson,4,15000,0,60000.0,12000.0
V1691,2026-01-17,C002,Score Jumbo,Antsiranana,P011,Savon Nosy 1 carton,Hygiène,5,50000,0,250000.0,40000.0
V1692,2026-01-17,C002,Score Jumbo,Antsiranana,P007,Farine 25kg,Farine,12,54000,0,648000.0,108000.0
V1693,2026-01-17,C006,Alimentation Ambilobe,Ambilobe,P016,Biscuit Gold 1 carton,Biscuit,15,22000,0,330000.0,60000.0
V1694,2026-01-18,C006,Alimentation Ambilobe,Ambilobe,P020,Tôles 3m galvanisées,Matériaux,12,32000,0,384000.0,84000.0
V1695,2026-01-18,C004,Epicerie Madiro,Ambanja,P008,Farine 1kg,Farine,9,2800,0,25200.0,5400.0
V1696,2026-01-18,C003,Hotel Constance Nosy Be,Nosy Be,P013,Boite Sardine 10pcs,Conserve,8,18000,5,136800.0,16800.0
V1697,2026-01-19,C006,Alimentation Ambilobe,Ambilobe,P012,Omo 1kg,Hygiène,5,10000,0,50000.0,10000.0
V1698,2026-01-20,C003,Hotel Constance Nosy Be,Nosy Be,P017,Eau Vive 1 pack 1.5L,Boisson,15,10000,0,150000.0,30000.0
V1699,2026-01-20,C004,Epicerie Madiro,Ambanja,P004,Huile Hina 5L,Huile,13,33000,10,386100.0,22100.0
V1700,2026-01-20,C004,Epicerie Madiro,Ambanja,P011,Savon Nosy 1 carton,Hygiène,15,50000,0,750000.0,120000.0
V1701,2026-01-20,C003,Hotel Constance Nosy Be,Nosy Be,P011,Savon Nosy 1 carton,Hygiène,7,50000,0,350000.0,56000.0
V1702,2026-01-20,C005,Quincaillerie Diego,Antsiranana,P008,Farine 1kg,Farine,12,2800,0,33600.0,7200.0
V1703,2026-01-20,C001,Epicerie Amina,Antsiranana,P009,Lait Nido 2kg,Lait,9,78000,5,666900.0,81900.0
V1704,2026-01-21,C005,Quincaillerie Diego,Antsiranana,P014,Tomate concentrée 1 carton,Conserve,5,30000,0,150000.0,25000.0
V1705,2026-01-21,C002,Score Jumbo,Antsiranana,P011,Savon Nosy 1 carton,Hygiène,4,50000,0,200000.0,32000.0
V1706,2026-01-21,C005,Quincaillerie Diego,Antsiranana,P008,Farine 1kg,Farine,8,2800,5,21280.0,3680.0
V1707,2026-01-22,C006,Alimentation Ambilobe,Ambilobe,P011,Savon Nosy 1 carton,Hygiène,5,50000,0,250000.0,40000.0
V1708,2026-01-22,C006,Alimentation Ambilobe,Ambilobe,P016,Biscuit Gold 1 carton,Biscuit,8,22000,0,176000.0,32000.0
V1709,2026-01-22,C006,Alimentation Ambilobe,Ambilobe,P012,Omo 1kg,Hygiène,3,10000,0,30000.0,6000.0
V1710,2026-01-22,C006,Alimentation Ambilobe,Ambilobe,P018,Coca 1 pack 33cl,Boisson,8,15000,0,120000.0,24000.0
V1711,2026-01-22,C005,Quincaillerie Diego,Antsiranana,P002,Riz Tsipala 50kg,Riz,38,130000,0,4940000.0,760000.0
V1712,2026-01-22,C001,Epicerie Amina,Antsiranana,P002,Riz Tsipala 50kg,Riz,5,130000,0,650000.0,100000.0
V1713,2026-01-23,C002,Score Jumbo,Antsiranana,P008,Farine 1kg,Farine,2,2800,10,5040.0,640.0
V1714,2026-01-23,C002,Score Jumbo,Antsiranana,P001,Riz Maka 25kg,Riz,18,65000,5,1111500.0,121500.0
V1715,2026-01-24,C004,Epicerie Madiro,Ambanja,P012,Omo 1kg,Hygiène,1,10000,5,9500.0,1500.0
V1716,2026-01-24,C006,Alimentation Ambilobe,Ambilobe,P020,Tôles 3m galvanisées,Matériaux,15,32000,0,480000.0,105000.0
V1717,2026-01-24,C006,Alimentation Ambilobe,Ambilobe,P016,Biscuit Gold 1 carton,Biscuit,1,22000,0,22000.0,4000.0
V1718,2026-01-25,C005,Quincaillerie Diego,Antsiranana,P018,Coca 1 pack 33cl,Boisson,7,15000,0,105000.0,21000.0
V1719,2026-01-25,C001,Epicerie Amina,Antsiranana,P017,Eau Vive 1 pack 1.5L,Boisson,12,10000,0,120000.0,24000.0
V1720,2026-01-25,C005,Quincaillerie Diego,Antsiranana,P010,Lait Bonnet Rouge 450g,Lait,1,4500,5,4275.0,775.0
V1721,2026-01-25,C006,Alimentation Ambilobe,Ambilobe,P014,Tomate concentrée 1 carton,Conserve,13,30000,0,390000.0,65000.0
V1722,2026-01-25,C001,Epicerie Amina,Antsiranana,P004,Huile Hina 5L,Huile,9,33000,0,297000.0,45000.0
V1723,2026-01-26,C002,Score Jumbo,Antsiranana,P007,Farine 25kg,Farine,10,54000,5,513000.0,63000.0
V1724,2026-01-26,C003,Hotel Constance Nosy Be,Nosy Be,P012,Omo 1kg,Hygiène,5,10000,0,50000.0,10000.0
V1725,2026-01-26,C001,Epicerie Amina,Antsiranana,P012,Omo 1kg,Hygiène,7,10000,0,70000.0,14000.0
V1726,2026-01-27,C005,Quincaillerie Diego,Antsiranana,P008,Farine 1kg,Farine,12,2800,0,33600.0,7200.0
V1727,2026-01-27,C003,Hotel Constance Nosy Be,Nosy Be,P003,Huile Ril 20L,Huile,11,98000,10,970200.0,35200.0
V1728,2026-01-27,C001,Epicerie Amina,Antsiranana,P003,Huile Ril 20L,Huile,7,98000,0,686000.0,91000.0
V1729,2026-01-27,C004,Epicerie Madiro,Ambanja,P018,Coca 1 pack 33cl,Boisson,8,15000,0,120000.0,24000.0
V1730,2026-01-28,C006,Alimentation Ambilobe,Ambilobe,P001,Riz Maka 25kg,Riz,15,65000,0,975000.0,150000.0
V1731,2026-01-28,C004,Epicerie Madiro,Ambanja,P014,Tomate concentrée 1 carton,Conserve,11,30000,0,330000.0,55000.0
V1732,2026-01-28,C005,Quincaillerie Diego,Antsiranana,P004,Huile Hina 5L,Huile,15,33000,5,470250.0,50250.0
V1733,2026-01-28,C001,Epicerie Amina,Antsiranana,P008,Farine 1kg,Farine,4,2800,10,10080.0,1280.0
V1734,2026-01-28,C005,Quincaillerie Diego,Antsiranana,P016,Biscuit Gold 1 carton,Biscuit,5,22000,0,110000.0,20000.0
V1735,2026-01-29,C001,Epicerie Amina,Antsiranana,P009,Lait Nido 2kg,Lait,15,78000,5,1111500.0,136500.0
V1736,2026-01-29,C005,Quincaillerie Diego,Antsiranana,P002,Riz Tsipala 50kg,Riz,16,130000,0,2080000.0,320000.0
V1737,2026-01-29,C001,Epicerie Amina,Antsiranana,P007,Farine 25kg,Farine,10,54000,0,540000.0,90000.0
V1738,2026-01-29,C006,Alimentation Ambilobe,Ambilobe,P013,Boite Sardine 10pcs,Conserve,15,18000,0,270000.0,45000.0
V1739,2026-01-29,C003,Hotel Constance Nosy Be,Nosy Be,P006,Sucre Roux 1kg,Sucre,10,3800,0,38000.0,8000.0
V1740,2026-01-29,C005,Quincaillerie Diego,Antsiranana,P013,Boite Sardine 10pcs,Conserve,11,18000,5,188100.0,23100.0
V1741,2026-01-30,C003,Hotel Constance Nosy Be,Nosy Be,P013,Boite Sardine 10pcs,Conserve,13,18000,10,210600.0,15600.0
V1742,2026-01-30,C002,Score Jumbo,Antsiranana,P003,Huile Ril 20L,Huile,9,98000,10,793800.0,28800.0
V1743,2026-01-30,C003,Hotel Constance Nosy Be,Nosy Be,P002,Riz Tsipala 50kg,Riz,11,130000,0,1430000.0,220000.0
V1744,2026-01-31,C002,Score Jumbo,Antsiranana,P003,Huile Ril 20L,Huile,6,98000,5,558600.0,48600.0
V1745,2026-01-31,C005,Quincaillerie Diego,Antsiranana,P020,Tôles 3m galvanisées,Matériaux,7,32000,0,224000.0,49000.0
V1746,2026-01-31,C001,Epicerie Amina,Antsiranana,P009,Lait Nido 2kg,Lait,13,78000,0,1014000.0,169000.0
V1747,2026-02-01,C004,Epicerie Madiro,Ambanja,P008,Farine 1kg,Farine,6,2800,5,15960.0,2760.0
V1748,2026-02-01,C004,Epicerie Madiro,Ambanja,P014,Tomate concentrée 1 carton,Conserve,3,30000,10,81000.0,6000.0
V1749,2026-02-01,C005,Quincaillerie Diego,Antsiranana,P013,Boite Sardine 10pcs,Conserve,2,18000,5,34200.0,4200.0
V1750,2026-02-01,C003,Hotel Constance Nosy Be,Nosy Be,P008,Farine 1kg,Farine,12,2800,0,33600.0,7200.0
V1751,2026-02-02,C001,Epicerie Amina,Antsiranana,P009,Lait Nido 2kg,Lait,3,78000,0,234000.0,39000.0
V1752,2026-02-02,C006,Alimentation Ambilobe,Ambilobe,P005,Sucre Blanc 1kg,Sucre,12,4000,0,48000.0,9600.0
V1753,2026-02-02,C003,Hotel Constance Nosy Be,Nosy Be,P012,Omo 1kg,Hygiène,2,10000,0,20000.0,4000.0
V1754,2026-02-02,C001,Epicerie Amina,Antsiranana,P010,Lait Bonnet Rouge 450g,Lait,8,4500,0,36000.0,8000.0
V1755,2026-02-02,C003,Hotel Constance Nosy Be,Nosy Be,P004,Huile Hina 5L,Huile,3,33000,0,99000.0,15000.0
V1756,2026-02-03,C002,Score Jumbo,Antsiranana,P014,Tomate concentrée 1 carton,Conserve,8,30000,5,228000.0,28000.0
V1757,2026-02-03,C005,Quincaillerie Diego,Antsiranana,P017,Eau Vive 1 pack 1.5L,Boisson,7,10000,0,70000.0,14000.0
V1758,2026-02-03,C001,Epicerie Amina,Antsiranana,P003,Huile Ril 20L,Huile,6,98000,5,558600.0,48600.0
V1759,2026-02-03,C001,Epicerie Amina,Antsiranana,P020,Tôles 3m galvanisées,Matériaux,10,32000,0,320000.0,70000.0
V1760,2026-02-04,C004,Epicerie Madiro,Ambanja,P001,Riz Maka 25kg,Riz,23,65000,0,1495000.0,230000.0
V1761,2026-02-04,C004,Epicerie Madiro,Ambanja,P003,Huile Ril 20L,Huile,12,98000,5,1117200.0,97200.0
V1762,2026-02-05,C002,Score Jumbo,Antsiranana,P019,Ciment Holcim 50kg,Matériaux,9,45000,0,405000.0,63000.0
V1763,2026-02-05,C006,Alimentation Ambilobe,Ambilobe,P013,Boite Sardine 10pcs,Conserve,3,18000,0,54000.0,9000.0
V1764,2026-02-05,C003,Hotel Constance Nosy Be,Nosy Be,P010,Lait Bonnet Rouge 450g,Lait,5,4500,0,22500.0,5000.0
V1765,2026-02-05,C002,Score Jumbo,Antsiranana,P003,Huile Ril 20L,Huile,3,98000,0,294000.0,39000.0
V1766,2026-02-05,C003,Hotel Constance Nosy Be,Nosy Be,P014,Tomate concentrée 1 carton,Conserve,5,30000,0,150000.0,25000.0
V1767,2026-02-05,C001,Epicerie Amina,Antsiranana,P012,Omo 1kg,Hygiène,5,10000,0,50000.0,10000.0
V1768,2026-02-06,C006,Alimentation Ambilobe,Ambilobe,P016,Biscuit Gold 1 carton,Biscuit,10,22000,5,209000.0,29000.0
V1769,2026-02-06,C002,Score Jumbo,Antsiranana,P015,Pâtes Spaghetti 500g,Pâtes,2,3200,0,6400.0,1400.0
V1770,2026-02-06,C003,Hotel Constance Nosy Be,Nosy Be,P001,Riz Maka 25kg,Riz,30,65000,0,1950000.0,300000.0
V1771,2026-02-06,C005,Quincaillerie Diego,Antsiranana,P013,Boite Sardine 10pcs,Conserve,13,18000,0,234000.0,39000.0
V1772,2026-02-06,C004,Epicerie Madiro,Ambanja,P011,Savon Nosy 1 carton,Hygiène,7,50000,10,315000.0,21000.0
V1773,2026-02-06,C005,Quincaillerie Diego,Antsiranana,P005,Sucre Blanc 1kg,Sucre,5,4000,0,20000.0,4000.0
V1774,2026-02-07,C005,Quincaillerie Diego,Antsiranana,P007,Farine 25kg,Farine,8,54000,0,432000.0,72000.0
V1775,2026-02-07,C002,Score Jumbo,Antsiranana,P013,Boite Sardine 10pcs,Conserve,6,18000,0,108000.0,18000.0
V1776,2026-02-07,C006,Alimentation Ambilobe,Ambilobe,P016,Biscuit Gold 1 carton,Biscuit,10,22000,0,220000.0,40000.0
V1777,2026-02-07,C003,Hotel Constance Nosy Be,Nosy Be,P013,Boite Sardine 10pcs,Conserve,5,18000,0,90000.0,15000.0
V1778,2026-02-07,C003,Hotel Constance Nosy Be,Nosy Be,P004,Huile Hina 5L,Huile,15,33000,5,470250.0,50250.0
V1779,2026-02-07,C002,Score Jumbo,Antsiranana,P019,Ciment Holcim 50kg,Matériaux,9,45000,0,405000.0,63000.0
V1780,2026-02-07,C006,Alimentation Ambilobe,Ambilobe,P018,Coca 1 pack 33cl,Boisson,1,15000,10,13500.0,1500.0
V1781,2026-02-07,C004,Epicerie Madiro,Ambanja,P007,Farine 25kg,Farine,8,54000,0,432000.0,72000.0
V1782,2026-02-08,C006,Alimentation Ambilobe,Ambilobe,P003,Huile Ril 20L,Huile,14,98000,0,1372000.0,182000.0
V1783,2026-02-09,C006,Alimentation Ambilobe,Ambilobe,P016,Biscuit Gold 1 carton,Biscuit,3,22000,10,59400.0,5400.0
V1784,2026-02-09,C003,Hotel Constance Nosy Be,Nosy Be,P008,Farine 1kg,Farine,5,2800,10,12600.0,1600.0
V1785,2026-02-09,C002,Score Jumbo,Antsiranana,P014,Tomate concentrée 1 carton,Conserve,13,30000,0,390000.0,65000.0
V1786,2026-02-09,C001,Epicerie Amina,Antsiranana,P015,Pâtes Spaghetti 500g,Pâtes,10,3200,0,32000.0,7000.0
V1787,2026-02-09,C005,Quincaillerie Diego,Antsiranana,P013,Boite Sardine 10pcs,Conserve,9,18000,5,153900.0,18900.0
V1788,2026-02-09,C006,Alimentation Ambilobe,Ambilobe,P014,Tomate concentrée 1 carton,Conserve,9,30000,0,270000.0,45000.0
V1789,2026-02-10,C003,Hotel Constance Nosy Be,Nosy Be,P018,Coca 1 pack 33cl,Boisson,10,15000,10,135000.0,15000.0
V1790,2026-02-10,C001,Epicerie Amina,Antsiranana,P004,Huile Hina 5L,Huile,13,33000,0,429000.0,65000.0
V1791,2026-02-11,C006,Alimentation Ambilobe,Ambilobe,P012,Omo 1kg,Hygiène,3,10000,10,27000.0,3000.0
V1792,2026-02-11,C005,Quincaillerie Diego,Antsiranana,P002,Riz Tsipala 50kg,Riz,30,130000,0,3900000.0,600000.0
V1793,2026-02-11,C004,Epicerie Madiro,Ambanja,P004,Huile Hina 5L,Huile,1,33000,0,33000.0,5000.0
V1794,2026-02-11,C003,Hotel Constance Nosy Be,Nosy Be,P008,Farine 1kg,Farine,9,2800,10,22680.0,2880.0
V1795,2026-02-11,C005,Quincaillerie Diego,Antsiranana,P018,Coca 1 pack 33cl,Boisson,10,15000,10,135000.0,15000.0
V1796,2026-02-12,C005,Quincaillerie Diego,Antsiranana,P008,Farine 1kg,Farine,8,2800,0,22400.0,4800.0
V1797,2026-02-12,C004,Epicerie Madiro,Ambanja,P015,Pâtes Spaghetti 500g,Pâtes,13,3200,10,37440.0,4940.0
V1798,2026-02-13,C005,Quincaillerie Diego,Antsiranana,P017,Eau Vive 1 pack 1.5L,Boisson,3,10000,0,30000.0,6000.0
V1799,2026-02-13,C001,Epicerie Amina,Antsiranana,P016,Biscuit Gold 1 carton,Biscuit,2,22000,0,44000.0,8000.0
V1800,2026-02-13,C004,Epicerie Madiro,Ambanja,P003,Huile Ril 20L,Huile,2,98000,10,176400.0,6400.0
V1801,2026-02-13,C002,Score Jumbo,Antsiranana,P012,Omo 1kg,Hygiène,5,10000,0,50000.0,10000.0
V1802,2026-02-13,C004,Epicerie Madiro,Ambanja,P007,Farine 25kg,Farine,9,54000,0,486000.0,81000.0
V1803,2026-02-13,C003,Hotel Constance Nosy Be,Nosy Be,P016,Biscuit Gold 1 carton,Biscuit,2,22000,0,44000.0,8000.0
V1804,2026-02-14,C006,Alimentation Ambilobe,Ambilobe,P015,Pâtes Spaghetti 500g,Pâtes,6,3200,0,19200.0,4200.0
V1805,2026-02-14,C003,Hotel Constance Nosy Be,Nosy Be,P002,Riz Tsipala 50kg,Riz,12,130000,0,1560000.0,240000.0
V1806,2026-02-14,C003,Hotel Constance Nosy Be,Nosy Be,P004,Huile Hina 5L,Huile,11,33000,0,363000.0,55000.0
V1807,2026-02-14,C006,Alimentation Ambilobe,Ambilobe,P008,Farine 1kg,Farine,9,2800,0,25200.0,5400.0
V1808,2026-02-15,C005,Quincaillerie Diego,Antsiranana,P006,Sucre Roux 1kg,Sucre,6,3800,5,21660.0,3660.0
V1809,2026-02-15,C004,Epicerie Madiro,Ambanja,P015,Pâtes Spaghetti 500g,Pâtes,4,3200,0,12800.0,2800.0
V1810,2026-02-15,C006,Alimentation Ambilobe,Ambilobe,P006,Sucre Roux 1kg,Sucre,3,3800,10,10260.0,1260.0
V1811,2026-02-16,C006,Alimentation Ambilobe,Ambilobe,P014,Tomate concentrée 1 carton,Conserve,7,30000,0,210000.0,35000.0
V1812,2026-02-16,C006,Alimentation Ambilobe,Ambilobe,P020,Tôles 3m galvanisées,Matériaux,15,32000,0,480000.0,105000.0
V1813,2026-02-16,C004,Epicerie Madiro,Ambanja,P019,Ciment Holcim 50kg,Matériaux,7,45000,0,315000.0,49000.0
V1814,2026-02-16,C001,Epicerie Amina,Antsiranana,P007,Farine 25kg,Farine,4,54000,0,216000.0,36000.0
V1815,2026-02-16,C006,Alimentation Ambilobe,Ambilobe,P003,Huile Ril 20L,Huile,10,98000,0,980000.0,130000.0
V1816,2026-02-17,C005,Quincaillerie Diego,Antsiranana,P006,Sucre Roux 1kg,Sucre,6,3800,0,22800.0,4800.0
V1817,2026-02-17,C002,Score Jumbo,Antsiranana,P015,Pâtes Spaghetti 500g,Pâtes,2,3200,0,6400.0,1400.0
V1818,2026-02-17,C006,Alimentation Ambilobe,Ambilobe,P016,Biscuit Gold 1 carton,Biscuit,9,22000,10,178200.0,16200.0
V1819,2026-02-17,C003,Hotel Constance Nosy Be,Nosy Be,P020,Tôles 3m galvanisées,Matériaux,7,32000,5,212800.0,37800.0
V1820,2026-02-17,C004,Epicerie Madiro,Ambanja,P019,Ciment Holcim 50kg,Matériaux,2,45000,0,90000.0,14000.0
V1821,2026-02-17,C003,Hotel Constance Nosy Be,Nosy Be,P015,Pâtes Spaghetti 500g,Pâtes,10,3200,0,32000.0,7000.0
V1822,2026-02-18,C006,Alimentation Ambilobe,Ambilobe,P010,Lait Bonnet Rouge 450g,Lait,15,4500,5,64125.0,11625.0
V1823,2026-02-18,C005,Quincaillerie Diego,Antsiranana,P003,Huile Ril 20L,Huile,11,98000,0,1078000.0,143000.0
V1824,2026-02-18,C003,Hotel Constance Nosy Be,Nosy Be,P004,Huile Hina 5L,Huile,4,33000,0,132000.0,20000.0
V1825,2026-02-19,C001,Epicerie Amina,Antsiranana,P006,Sucre Roux 1kg,Sucre,6,3800,10,20520.0,2520.0
V1826,2026-02-19,C002,Score Jumbo,Antsiranana,P017,Eau Vive 1 pack 1.5L,Boisson,7,10000,0,70000.0,14000.0
V1827,2026-02-19,C005,Quincaillerie Diego,Antsiranana,P005,Sucre Blanc 1kg,Sucre,10,4000,0,40000.0,8000.0
V1828,2026-02-19,C004,Epicerie Madiro,Ambanja,P006,Sucre Roux 1kg,Sucre,8,3800,10,27360.0,3360.0
V1829,2026-02-20,C005,Quincaillerie Diego,Antsiranana,P006,Sucre Roux 1kg,Sucre,9,3800,0,34200.0,7200.0
V1830,2026-02-20,C004,Epicerie Madiro,Ambanja,P010,Lait Bonnet Rouge 450g,Lait,3,4500,0,13500.0,3000.0
V1831,2026-02-20,C003,Hotel Constance Nosy Be,Nosy Be,P015,Pâtes Spaghetti 500g,Pâtes,10,3200,0,32000.0,7000.0
V1832,2026-02-20,C003,Hotel Constance Nosy Be,Nosy Be,P001,Riz Maka 25kg,Riz,36,65000,0,2340000.0,360000.0
V1833,2026-02-20,C002,Score Jumbo,Antsiranana,P013,Boite Sardine 10pcs,Conserve,9,18000,5,153900.0,18900.0
V1834,2026-02-20,C006,Alimentation Ambilobe,Ambilobe,P016,Biscuit Gold 1 carton,Biscuit,7,22000,10,138600.0,12600.0
V1835,2026-02-20,C004,Epicerie Madiro,Ambanja,P014,Tomate concentrée 1 carton,Conserve,12,30000,0,360000.0,60000.0
V1836,2026-02-20,C004,Epicerie Madiro,Ambanja,P006,Sucre Roux 1kg,Sucre,2,3800,5,7220.0,1220.0
V1837,2026-02-21,C001,Epicerie Amina,Antsiranana,P008,Farine 1kg,Farine,5,2800,0,14000.0,3000.0
V1838,2026-02-21,C003,Hotel Constance Nosy Be,Nosy Be,P008,Farine 1kg,Farine,9,2800,0,25200.0,5400.0
V1839,2026-02-21,C002,Score Jumbo,Antsiranana,P015,Pâtes Spaghetti 500g,Pâtes,10,3200,10,28800.0,3800.0
V1840,2026-02-21,C004,Epicerie Madiro,Ambanja,P018,Coca 1 pack 33cl,Boisson,9,15000,0,135000.0,27000.0
V1841,2026-02-22,C005,Quincaillerie Diego,Antsiranana,P004,Huile Hina 5L,Huile,5,33000,5,156750.0,16750.0
V1842,2026-02-22,C003,Hotel Constance Nosy Be,Nosy Be,P018,Coca 1 pack 33cl,Boisson,14,15000,0,210000.0,42000.0
V1843,2026-02-22,C006,Alimentation Ambilobe,Ambilobe,P015,Pâtes Spaghetti 500g,Pâtes,9,3200,0,28800.0,6300.0
V1844,2026-02-22,C004,Epicerie Madiro,Ambanja,P004,Huile Hina 5L,Huile,12,33000,10,356400.0,20400.0
V1845,2026-02-22,C002,Score Jumbo,Antsiranana,P010,Lait Bonnet Rouge 450g,Lait,14,4500,0,63000.0,14000.0
V1846,2026-02-22,C004,Epicerie Madiro,Ambanja,P009,Lait Nido 2kg,Lait,6,78000,0,468000.0,78000.0
V1847,2026-02-22,C004,Epicerie Madiro,Ambanja,P004,Huile Hina 5L,Huile,13,33000,0,429000.0,65000.0
V1848,2026-02-22,C002,Score Jumbo,Antsiranana,P019,Ciment Holcim 50kg,Matériaux,12,45000,0,540000.0,84000.0
V1849,2026-02-22,C006,Alimentation Ambilobe,Ambilobe,P020,Tôles 3m galvanisées,Matériaux,11,32000,0,352000.0,77000.0
V1850,2026-02-22,C002,Score Jumbo,Antsiranana,P020,Tôles 3m galvanisées,Matériaux,3,32000,0,96000.0,21000.0
V1851,2026-02-23,C002,Score Jumbo,Antsiranana,P002,Riz Tsipala 50kg,Riz,27,130000,5,3334500.0,364500.0
V1852,2026-02-23,C003,Hotel Constance Nosy Be,Nosy Be,P020,Tôles 3m galvanisées,Matériaux,9,32000,0,288000.0,63000.0
V1853,2026-02-23,C003,Hotel Constance Nosy Be,Nosy Be,P010,Lait Bonnet Rouge 450g,Lait,5,4500,5,21375.0,3875.0
V1854,2026-02-23,C003,Hotel Constance Nosy Be,Nosy Be,P017,Eau Vive 1 pack 1.5L,Boisson,15,10000,10,135000.0,15000.0
V1855,2026-02-24,C001,Epicerie Amina,Antsiranana,P005,Sucre Blanc 1kg,Sucre,13,4000,0,52000.0,10400.0
V1856,2026-02-24,C001,Epicerie Amina,Antsiranana,P009,Lait Nido 2kg,Lait,14,78000,10,982800.0,72800.0
V1857,2026-02-24,C002,Score Jumbo,Antsiranana,P005,Sucre Blanc 1kg,Sucre,4,4000,0,16000.0,3200.0
V1858,2026-02-24,C006,Alimentation Ambilobe,Ambilobe,P011,Savon Nosy 1 carton,Hygiène,14,50000,0,700000.0,112000.0
V1859,2026-02-24,C006,Alimentation Ambilobe,Ambilobe,P013,Boite Sardine 10pcs,Conserve,8,18000,0,144000.0,24000.0
V1860,2026-02-25,C005,Quincaillerie Diego,Antsiranana,P009,Lait Nido 2kg,Lait,11,78000,0,858000.0,143000.0
V1861,2026-02-25,C004,Epicerie Madiro,Ambanja,P015,Pâtes Spaghetti 500g,Pâtes,2,3200,10,5760.0,760.0
V1862,2026-02-25,C001,Epicerie Amina,Antsiranana,P013,Boite Sardine 10pcs,Conserve,9,18000,10,145800.0,10800.0
V1863,2026-02-25,C003,Hotel Constance Nosy Be,Nosy Be,P012,Omo 1kg,Hygiène,8,10000,0,80000.0,16000.0
V1864,2026-02-25,C003,Hotel Constance Nosy Be,Nosy Be,P019,Ciment Holcim 50kg,Matériaux,1,45000,10,40500.0,2500.0
V1865,2026-02-25,C001,Epicerie Amina,Antsiranana,P015,Pâtes Spaghetti 500g,Pâtes,11,3200,10,31680.0,4180.0
V1866,2026-02-25,C006,Alimentation Ambilobe,Ambilobe,P012,Omo 1kg,Hygiène,14,10000,0,140000.0,28000.0
V1867,2026-02-25,C005,Quincaillerie Diego,Antsiranana,P013,Boite Sardine 10pcs,Conserve,4,18000,0,72000.0,12000.0
V1868,2026-02-25,C002,Score Jumbo,Antsiranana,P016,Biscuit Gold 1 carton,Biscuit,5,22000,0,110000.0,20000.0
V1869,2026-02-25,C003,Hotel Constance Nosy Be,Nosy Be,P011,Savon Nosy 1 carton,Hygiène,9,50000,5,427500.0,49500.0
V1870,2026-02-26,C002,Score Jumbo,Antsiranana,P019,Ciment Holcim 50kg,Matériaux,14,45000,0,630000.0,98000.0
V1871,2026-02-26,C003,Hotel Constance Nosy Be,Nosy Be,P002,Riz Tsipala 50kg,Riz,7,130000,0,910000.0,140000.0
V1872,2026-02-26,C006,Alimentation Ambilobe,Ambilobe,P015,Pâtes Spaghetti 500g,Pâtes,1,3200,0,3200.0,700.0
V1873,2026-02-27,C002,Score Jumbo,Antsiranana,P015,Pâtes Spaghetti 500g,Pâtes,8,3200,0,25600.0,5600.0
V1874,2026-02-27,C004,Epicerie Madiro,Ambanja,P007,Farine 25kg,Farine,12,54000,0,648000.0,108000.0
V1875,2026-02-27,C006,Alimentation Ambilobe,Ambilobe,P010,Lait Bonnet Rouge 450g,Lait,3,4500,0,13500.0,3000.0
V1876,2026-02-27,C001,Epicerie Amina,Antsiranana,P012,Omo 1kg,Hygiène,5,10000,0,50000.0,10000.0
V1877,2026-02-28,C003,Hotel Constance Nosy Be,Nosy Be,P006,Sucre Roux 1kg,Sucre,1,3800,0,3800.0,800.0
V1878,2026-02-28,C006,Alimentation Ambilobe,Ambilobe,P010,Lait Bonnet Rouge 450g,Lait,12,4500,10,48600.0,6600.0
V1879,2026-02-28,C002,Score Jumbo,Antsiranana,P014,Tomate concentrée 1 carton,Conserve,11,30000,0,330000.0,55000.0
V1880,2026-02-28,C006,Alimentation Ambilobe,Ambilobe,P004,Huile Hina 5L,Huile,1,33000,0,33000.0,5000.0
V1881,2026-02-28,C004,Epicerie Madiro,Ambanja,P003,Huile Ril 20L,Huile,3,98000,5,279300.0,24300.0
V1882,2026-02-28,C002,Score Jumbo,Antsiranana,P017,Eau Vive 1 pack 1.5L,Boisson,11,10000,0,110000.0,22000.0
V1883,2026-02-28,C001,Epicerie Amina,Antsiranana,P001,Riz Maka 25kg,Riz,26,65000,0,1690000.0,260000.0
V1884,2026-03-01,C004,Epicerie Madiro,Ambanja,P005,Sucre Blanc 1kg,Sucre,8,4000,0,32000.0,6400.0
V1885,2026-03-01,C002,Score Jumbo,Antsiranana,P013,Boite Sardine 10pcs,Conserve,2,18000,10,32400.0,2400.0
V1886,2026-03-01,C001,Epicerie Amina,Antsiranana,P004,Huile Hina 5L,Huile,6,33000,0,198000.0,30000.0
V1887,2026-03-01,C003,Hotel Constance Nosy Be,Nosy Be,P005,Sucre Blanc 1kg,Sucre,7,4000,0,28000.0,5600.0
V1888,2026-03-01,C006,Alimentation Ambilobe,Ambilobe,P005,Sucre Blanc 1kg,Sucre,2,4000,5,7600.0,1200.0
V1889,2026-03-02,C005,Quincaillerie Diego,Antsiranana,P001,Riz Maka 25kg,Riz,15,65000,0,975000.0,150000.0
V1890,2026-03-02,C003,Hotel Constance Nosy Be,Nosy Be,P007,Farine 25kg,Farine,11,54000,10,534600.0,39600.0
V1891,2026-03-02,C002,Score Jumbo,Antsiranana,P014,Tomate concentrée 1 carton,Conserve,10,30000,10,270000.0,20000.0
V1892,2026-03-02,C004,Epicerie Madiro,Ambanja,P007,Farine 25kg,Farine,2,54000,0,108000.0,18000.0
V1893,2026-03-02,C002,Score Jumbo,Antsiranana,P004,Huile Hina 5L,Huile,10,33000,10,297000.0,17000.0
V1894,2026-03-02,C004,Epicerie Madiro,Ambanja,P012,Omo 1kg,Hygiène,7,10000,0,70000.0,14000.0
V1895,2026-03-02,C002,Score Jumbo,Antsiranana,P008,Farine 1kg,Farine,5,2800,10,12600.0,1600.0
V1896,2026-03-02,C001,Epicerie Amina,Antsiranana,P008,Farine 1kg,Farine,9,2800,5,23940.0,4140.0
V1897,2026-03-02,C005,Quincaillerie Diego,Antsiranana,P020,Tôles 3m galvanisées,Matériaux,5,32000,10,144000.0,19000.0
V1898,2026-03-02,C001,Epicerie Amina,Antsiranana,P010,Lait Bonnet Rouge 450g,Lait,4,4500,5,17100.0,3100.0
V1899,2026-03-03,C005,Quincaillerie Diego,Antsiranana,P017,Eau Vive 1 pack 1.5L,Boisson,4,10000,10,36000.0,4000.0
V1900,2026-03-03,C004,Epicerie Madiro,Ambanja,P010,Lait Bonnet Rouge 450g,Lait,11,4500,0,49500.0,11000.0
V1901,2026-03-03,C002,Score Jumbo,Antsiranana,P016,Biscuit Gold 1 carton,Biscuit,7,22000,0,154000.0,28000.0
V1902,2026-03-03,C002,Score Jumbo,Antsiranana,P016,Biscuit Gold 1 carton,Biscuit,11,22000,5,229900.0,31900.0
V1903,2026-03-04,C001,Epicerie Amina,Antsiranana,P017,Eau Vive 1 pack 1.5L,Boisson,15,10000,0,150000.0,30000.0
V1904,2026-03-04,C003,Hotel Constance Nosy Be,Nosy Be,P011,Savon Nosy 1 carton,Hygiène,3,50000,0,150000.0,24000.0
V1905,2026-03-05,C005,Quincaillerie Diego,Antsiranana,P014,Tomate concentrée 1 carton,Conserve,6,30000,5,171000.0,21000.0
V1906,2026-03-05,C006,Alimentation Ambilobe,Ambilobe,P006,Sucre Roux 1kg,Sucre,13,3800,0,49400.0,10400.0
V1907,2026-03-05,C001,Epicerie Amina,Antsiranana,P001,Riz Maka 25kg,Riz,9,65000,0,585000.0,90000.0
V1908,2026-03-06,C003,Hotel Constance Nosy Be,Nosy Be,P007,Farine 25kg,Farine,1,54000,0,54000.0,9000.0
V1909,2026-03-06,C004,Epicerie Madiro,Ambanja,P017,Eau Vive 1 pack 1.5L,Boisson,5,10000,10,45000.0,5000.0
V1910,2026-03-06,C006,Alimentation Ambilobe,Ambilobe,P017,Eau Vive 1 pack 1.5L,Boisson,13,10000,0,130000.0,26000.0
V1911,2026-03-06,C004,Epicerie Madiro,Ambanja,P013,Boite Sardine 10pcs,Conserve,2,18000,10,32400.0,2400.0
V1912,2026-03-06,C005,Quincaillerie Diego,Antsiranana,P018,Coca 1 pack 33cl,Boisson,10,15000,0,150000.0,30000.0
V1913,2026-03-07,C003,Hotel Constance Nosy Be,Nosy Be,P003,Huile Ril 20L,Huile,5,98000,0,490000.0,65000.0
V1914,2026-03-07,C005,Quincaillerie Diego,Antsiranana,P007,Farine 25kg,Farine,13,54000,0,702000.0,117000.0
V1915,2026-03-07,C005,Quincaillerie Diego,Antsiranana,P011,Savon Nosy 1 carton,Hygiène,7,50000,5,332500.0,38500.0
V1916,2026-03-07,C006,Alimentation Ambilobe,Ambilobe,P003,Huile Ril 20L,Huile,5,98000,10,441000.0,16000.0
V1917,2026-03-07,C004,Epicerie Madiro,Ambanja,P008,Farine 1kg,Farine,1,2800,0,2800.0,600.0
V1918,2026-03-07,C001,Epicerie Amina,Antsiranana,P014,Tomate concentrée 1 carton,Conserve,2,30000,0,60000.0,10000.0
V1919,2026-03-07,C005,Quincaillerie Diego,Antsiranana,P020,Tôles 3m galvanisées,Matériaux,1,32000,0,32000.0,7000.0
V1920,2026-03-07,C006,Alimentation Ambilobe,Ambilobe,P006,Sucre Roux 1kg,Sucre,2,3800,0,7600.0,1600.0
V1921,2026-03-08,C006,Alimentation Ambilobe,Ambilobe,P005,Sucre Blanc 1kg,Sucre,12,4000,0,48000.0,9600.0
V1922,2026-03-08,C002,Score Jumbo,Antsiranana,P016,Biscuit Gold 1 carton,Biscuit,6,22000,5,125400.0,17400.0
V1923,2026-03-08,C005,Quincaillerie Diego,Antsiranana,P009,Lait Nido 2kg,Lait,3,78000,0,234000.0,39000.0
V1924,2026-03-08,C002,Score Jumbo,Antsiranana,P009,Lait Nido 2kg,Lait,12,78000,0,936000.0,156000.0
V1925,2026-03-09,C001,Epicerie Amina,Antsiranana,P011,Savon Nosy 1 carton,Hygiène,13,50000,0,650000.0,104000.0
V1926,2026-03-09,C003,Hotel Constance Nosy Be,Nosy Be,P017,Eau Vive 1 pack 1.5L,Boisson,2,10000,0,20000.0,4000.0
V1927,2026-03-09,C006,Alimentation Ambilobe,Ambilobe,P019,Ciment Holcim 50kg,Matériaux,11,45000,0,495000.0,77000.0
V1928,2026-03-10,C004,Epicerie Madiro,Ambanja,P015,Pâtes Spaghetti 500g,Pâtes,9,3200,0,28800.0,6300.0
V1929,2026-03-10,C001,Epicerie Amina,Antsiranana,P016,Biscuit Gold 1 carton,Biscuit,14,22000,5,292600.0,40600.0
V1930,2026-03-10,C002,Score Jumbo,Antsiranana,P012,Omo 1kg,Hygiène,3,10000,0,30000.0,6000.0
V1931,2026-03-10,C001,Epicerie Amina,Antsiranana,P019,Ciment Holcim 50kg,Matériaux,11,45000,10,445500.0,27500.0
V1932,2026-03-10,C001,Epicerie Amina,Antsiranana,P008,Farine 1kg,Farine,12,2800,5,31920.0,5520.0
V1933,2026-03-10,C001,Epicerie Amina,Antsiranana,P002,Riz Tsipala 50kg,Riz,5,130000,0,650000.0,100000.0
V1934,2026-03-10,C001,Epicerie Amina,Antsiranana,P016,Biscuit Gold 1 carton,Biscuit,6,22000,0,132000.0,24000.0
V1935,2026-03-10,C002,Score Jumbo,Antsiranana,P006,Sucre Roux 1kg,Sucre,15,3800,0,57000.0,12000.0
V1936,2026-03-11,C005,Quincaillerie Diego,Antsiranana,P014,Tomate concentrée 1 carton,Conserve,4,30000,0,120000.0,20000.0
V1937,2026-03-11,C002,Score Jumbo,Antsiranana,P014,Tomate concentrée 1 carton,Conserve,15,30000,10,405000.0,30000.0
V1938,2026-03-11,C003,Hotel Constance Nosy Be,Nosy Be,P009,Lait Nido 2kg,Lait,14,78000,0,1092000.0,182000.0
V1939,2026-03-11,C005,Quincaillerie Diego,Antsiranana,P012,Omo 1kg,Hygiène,2,10000,5,19000.0,3000.0
V1940,2026-03-11,C006,Alimentation Ambilobe,Ambilobe,P002,Riz Tsipala 50kg,Riz,16,130000,0,2080000.0,320000.0
V1941,2026-03-11,C005,Quincaillerie Diego,Antsiranana,P002,Riz Tsipala 50kg,Riz,30,130000,0,3900000.0,600000.0
V1942,2026-03-12,C004,Epicerie Madiro,Ambanja,P010,Lait Bonnet Rouge 450g,Lait,13,4500,0,58500.0,13000.0
V1943,2026-03-12,C003,Hotel Constance Nosy Be,Nosy Be,P003,Huile Ril 20L,Huile,9,98000,0,882000.0,117000.0
V1944,2026-03-12,C001,Epicerie Amina,Antsiranana,P012,Omo 1kg,Hygiène,4,10000,0,40000.0,8000.0
V1945,2026-03-12,C005,Quincaillerie Diego,Antsiranana,P010,Lait Bonnet Rouge 450g,Lait,12,4500,5,51300.0,9300.0
V1946,2026-03-12,C002,Score Jumbo,Antsiranana,P015,Pâtes Spaghetti 500g,Pâtes,6,3200,5,18240.0,3240.0
V1947,2026-03-12,C004,Epicerie Madiro,Ambanja,P007,Farine 25kg,Farine,12,54000,5,615600.0,75600.0
V1948,2026-03-12,C002,Score Jumbo,Antsiranana,P005,Sucre Blanc 1kg,Sucre,1,4000,0,4000.0,800.0
V1949,2026-03-12,C001,Epicerie Amina,Antsiranana,P008,Farine 1kg,Farine,9,2800,0,25200.0,5400.0
V1950,2026-03-13,C006,Alimentation Ambilobe,Ambilobe,P001,Riz Maka 25kg,Riz,26,65000,0,1690000.0,260000.0
V1951,2026-03-13,C006,Alimentation Ambilobe,Ambilobe,P013,Boite Sardine 10pcs,Conserve,14,18000,10,226800.0,16800.0
V1952,2026-03-13,C006,Alimentation Ambilobe,Ambilobe,P010,Lait Bonnet Rouge 450g,Lait,2,4500,0,9000.0,2000.0
V1953,2026-03-14,C005,Quincaillerie Diego,Antsiranana,P008,Farine 1kg,Farine,7,2800,0,19600.0,4200.0
V1954,2026-03-14,C001,Epicerie Amina,Antsiranana,P005,Sucre Blanc 1kg,Sucre,12,4000,0,48000.0,9600.0
V1955,2026-03-14,C001,Epicerie Amina,Antsiranana,P002,Riz Tsipala 50kg,Riz,19,130000,5,2346500.0,256500.0
V1956,2026-03-15,C004,Epicerie Madiro,Ambanja,P012,Omo 1kg,Hygiène,8,10000,10,72000.0,8000.0
V1957,2026-03-15,C001,Epicerie Amina,Antsiranana,P019,Ciment Holcim 50kg,Matériaux,2,45000,5,85500.0,9500.0
V1958,2026-03-15,C002,Score Jumbo,Antsiranana,P013,Boite Sardine 10pcs,Conserve,2,18000,5,34200.0,4200.0
V1959,2026-03-15,C005,Quincaillerie Diego,Antsiranana,P002,Riz Tsipala 50kg,Riz,32,130000,10,3744000.0,224000.0
V1960,2026-03-15,C002,Score Jumbo,Antsiranana,P008,Farine 1kg,Farine,5,2800,0,14000.0,3000.0
V1961,2026-03-16,C003,Hotel Constance Nosy Be,Nosy Be,P013,Boite Sardine 10pcs,Conserve,12,18000,10,194400.0,14400.0
V1962,2026-03-16,C003,Hotel Constance Nosy Be,Nosy Be,P011,Savon Nosy 1 carton,Hygiène,8,50000,0,400000.0,64000.0
V1963,2026-03-16,C002,Score Jumbo,Antsiranana,P003,Huile Ril 20L,Huile,4,98000,0,392000.0,52000.0
V1964,2026-03-16,C005,Quincaillerie Diego,Antsiranana,P004,Huile Hina 5L,Huile,3,33000,0,99000.0,15000.0
V1965,2026-03-16,C002,Score Jumbo,Antsiranana,P015,Pâtes Spaghetti 500g,Pâtes,8,3200,0,25600.0,5600.0
V1966,2026-03-16,C004,Epicerie Madiro,Ambanja,P004,Huile Hina 5L,Huile,9,33000,0,297000.0,45000.0
V1967,2026-03-16,C002,Score Jumbo,Antsiranana,P015,Pâtes Spaghetti 500g,Pâtes,5,3200,0,16000.0,3500.0
V1968,2026-03-16,C003,Hotel Constance Nosy Be,Nosy Be,P004,Huile Hina 5L,Huile,2,33000,0,66000.0,10000.0
V1969,2026-03-16,C006,Alimentation Ambilobe,Ambilobe,P010,Lait Bonnet Rouge 450g,Lait,14,4500,10,56700.0,7700.0
V1970,2026-03-16,C006,Alimentation Ambilobe,Ambilobe,P020,Tôles 3m galvanisées,Matériaux,1,32000,0,32000.0,7000.0
V1971,2026-03-16,C003,Hotel Constance Nosy Be,Nosy Be,P005,Sucre Blanc 1kg,Sucre,2,4000,10,7200.0,800.0
V1972,2026-03-17,C002,Score Jumbo,Antsiranana,P012,Omo 1kg,Hygiène,7,10000,5,66500.0,10500.0
V1973,2026-03-17,C001,Epicerie Amina,Antsiranana,P010,Lait Bonnet Rouge 450g,Lait,5,4500,0,22500.0,5000.0
V1974,2026-03-17,C001,Epicerie Amina,Antsiranana,P013,Boite Sardine 10pcs,Conserve,14,18000,0,252000.0,42000.0
V1975,2026-03-17,C005,Quincaillerie Diego,Antsiranana,P018,Coca 1 pack 33cl,Boisson,4,15000,0,60000.0,12000.0
V1976,2026-03-17,C004,Epicerie Madiro,Ambanja,P004,Huile Hina 5L,Huile,13,33000,0,429000.0,65000.0
V1977,2026-03-17,C001,Epicerie Amina,Antsiranana,P001,Riz Maka 25kg,Riz,8,65000,0,520000.0,80000.0
V1978,2026-03-17,C002,Score Jumbo,Antsiranana,P007,Farine 25kg,Farine,14,54000,0,756000.0,126000.0
V1979,2026-03-18,C003,Hotel Constance Nosy Be,Nosy Be,P003,Huile Ril 20L,Huile,10,98000,5,931000.0,81000.0
V1980,2026-03-18,C003,Hotel Constance Nosy Be,Nosy Be,P003,Huile Ril 20L,Huile,1,98000,0,98000.0,13000.0
V1981,2026-03-18,C002,Score Jumbo,Antsiranana,P015,Pâtes Spaghetti 500g,Pâtes,13,3200,0,41600.0,9100.0
V1982,2026-03-18,C001,Epicerie Amina,Antsiranana,P011,Savon Nosy 1 carton,Hygiène,2,50000,0,100000.0,16000.0
V1983,2026-03-19,C004,Epicerie Madiro,Ambanja,P002,Riz Tsipala 50kg,Riz,15,130000,5,1852500.0,202500.0
V1984,2026-03-19,C004,Epicerie Madiro,Ambanja,P013,Boite Sardine 10pcs,Conserve,8,18000,0,144000.0,24000.0
V1985,2026-03-19,C004,Epicerie Madiro,Ambanja,P014,Tomate concentrée 1 carton,Conserve,3,30000,0,90000.0,15000.0
V1986,2026-03-20,C002,Score Jumbo,Antsiranana,P006,Sucre Roux 1kg,Sucre,5,3800,0,19000.0,4000.0
V1987,2026-03-20,C004,Epicerie Madiro,Ambanja,P005,Sucre Blanc 1kg,Sucre,1,4000,5,3800.0,600.0
V1988,2026-03-20,C005,Quincaillerie Diego,Antsiranana,P020,Tôles 3m galvanisées,Matériaux,4,32000,10,115200.0,15200.0
V1989,2026-03-20,C003,Hotel Constance Nosy Be,Nosy Be,P016,Biscuit Gold 1 carton,Biscuit,7,22000,5,146300.0,20300.0
V1990,2026-03-20,C004,Epicerie Madiro,Ambanja,P002,Riz Tsipala 50kg,Riz,10,130000,0,1300000.0,200000.0
V1991,2026-03-20,C004,Epicerie Madiro,Ambanja,P005,Sucre Blanc 1kg,Sucre,7,4000,0,28000.0,5600.0
V1992,2026-03-20,C006,Alimentation Ambilobe,Ambilobe,P017,Eau Vive 1 pack 1.5L,Boisson,4,10000,10,36000.0,4000.0
V1993,2026-03-20,C005,Quincaillerie Diego,Antsiranana,P001,Riz Maka 25kg,Riz,29,65000,10,1696500.0,101500.0
V1994,2026-03-21,C003,Hotel Constance Nosy Be,Nosy Be,P016,Biscuit Gold 1 carton,Biscuit,9,22000,0,198000.0,36000.0
V1995,2026-03-21,C003,Hotel Constance Nosy Be,Nosy Be,P019,Ciment Holcim 50kg,Matériaux,9,45000,0,405000.0,63000.0
V1996,2026-03-21,C004,Epicerie Madiro,Ambanja,P009,Lait Nido 2kg,Lait,3,78000,0,234000.0,39000.0
V1997,2026-03-21,C003,Hotel Constance Nosy Be,Nosy Be,P020,Tôles 3m galvanisées,Matériaux,4,32000,0,128000.0,28000.0
V1998,2026-03-21,C003,Hotel Constance Nosy Be,Nosy Be,P002,Riz Tsipala 50kg,Riz,35,130000,5,4322500.0,472500.0
V1999,2026-03-21,C003,Hotel Constance Nosy Be,Nosy Be,P019,Ciment Holcim 50kg,Matériaux,4,45000,0,180000.0,28000.0
V2000,2026-03-21,C001,Epicerie Amina,Antsiranana,P008,Farine 1kg,Farine,11,2800,0,30800.0,6600.0
V2001,2026-03-21,C003,Hotel Constance Nosy Be,Nosy Be,P018,Coca 1 pack 33cl,Boisson,14,15000,10,189000.0,21000.0
V2002,2026-03-22,C001,Epicerie Amina,Antsiranana,P008,Farine 1kg,Farine,10,2800,0,28000.0,6000.0
V2003,2026-03-22,C003,Hotel Constance Nosy Be,Nosy Be,P006,Sucre Roux 1kg,Sucre,3,3800,0,11400.0,2400.0
V2004,2026-03-22,C005,Quincaillerie Diego,Antsiranana,P011,Savon Nosy 1 carton,Hygiène,13,50000,10,585000.0,39000.0
V2005,2026-03-23,C006,Alimentation Ambilobe,Ambilobe,P012,Omo 1kg,Hygiène,15,10000,5,142500.0,22500.0
V2006,2026-03-23,C001,Epicerie Amina,Antsiranana,P012,Omo 1kg,Hygiène,10,10000,5,95000.0,15000.0
V2007,2026-03-23,C002,Score Jumbo,Antsiranana,P019,Ciment Holcim 50kg,Matériaux,4,45000,0,180000.0,28000.0
V2008,2026-03-24,C005,Quincaillerie Diego,Antsiranana,P010,Lait Bonnet Rouge 450g,Lait,3,4500,0,13500.0,3000.0
V2009,2026-03-24,C001,Epicerie Amina,Antsiranana,P003,Huile Ril 20L,Huile,1,98000,0,98000.0,13000.0
V2010,2026-03-24,C005,Quincaillerie Diego,Antsiranana,P008,Farine 1kg,Farine,1,2800,5,2660.0,460.0
V2011,2026-03-24,C004,Epicerie Madiro,Ambanja,P001,Riz Maka 25kg,Riz,26,65000,5,1605500.0,175500.0
V2012,2026-03-24,C002,Score Jumbo,Antsiranana,P005,Sucre Blanc 1kg,Sucre,6,4000,10,21600.0,2400.0
V2013,2026-03-24,C002,Score Jumbo,Antsiranana,P011,Savon Nosy 1 carton,Hygiène,1,50000,0,50000.0,8000.0
V2014,2026-03-25,C002,Score Jumbo,Antsiranana,P019,Ciment Holcim 50kg,Matériaux,12,45000,0,540000.0,84000.0
V2015,2026-03-25,C001,Epicerie Amina,Antsiranana,P017,Eau Vive 1 pack 1.5L,Boisson,14,10000,0,140000.0,28000.0
V2016,2026-03-26,C001,Epicerie Amina,Antsiranana,P012,Omo 1kg,Hygiène,12,10000,10,108000.0,12000.0
V2017,2026-03-26,C004,Epicerie Madiro,Ambanja,P019,Ciment Holcim 50kg,Matériaux,2,45000,0,90000.0,14000.0
V2018,2026-03-26,C003,Hotel Constance Nosy Be,Nosy Be,P011,Savon Nosy 1 carton,Hygiène,3,50000,0,150000.0,24000.0
V2019,2026-03-26,C006,Alimentation Ambilobe,Ambilobe,P014,Tomate concentrée 1 carton,Conserve,13,30000,10,351000.0,26000.0
V2020,2026-03-26,C004,Epicerie Madiro,Ambanja,P011,Savon Nosy 1 carton,Hygiène,3,50000,10,135000.0,9000.0
V2021,2026-03-26,C005,Quincaillerie Diego,Antsiranana,P020,Tôles 3m galvanisées,Matériaux,13,32000,0,416000.0,91000.0
V2022,2026-03-26,C002,Score Jumbo,Antsiranana,P019,Ciment Holcim 50kg,Matériaux,14,45000,0,630000.0,98000.0
V2023,2026-03-27,C004,Epicerie Madiro,Ambanja,P010,Lait Bonnet Rouge 450g,Lait,12,4500,10,48600.0,6600.0
V2024,2026-03-27,C003,Hotel Constance Nosy Be,Nosy Be,P005,Sucre Blanc 1kg,Sucre,3,4000,10,10800.0,1200.0
V2025,2026-03-27,C001,Epicerie Amina,Antsiranana,P019,Ciment Holcim 50kg,Matériaux,7,45000,5,299250.0,33250.0
V2026,2026-03-27,C001,Epicerie Amina,Antsiranana,P006,Sucre Roux 1kg,Sucre,10,3800,0,38000.0,8000.0
V2027,2026-03-27,C005,Quincaillerie Diego,Antsiranana,P008,Farine 1kg,Farine,11,2800,5,29260.0,5060.0
V2028,2026-03-28,C001,Epicerie Amina,Antsiranana,P016,Biscuit Gold 1 carton,Biscuit,3,22000,0,66000.0,12000.0
V2029,2026-03-28,C006,Alimentation Ambilobe,Ambilobe,P003,Huile Ril 20L,Huile,4,98000,0,392000.0,52000.0
V2030,2026-03-28,C003,Hotel Constance Nosy Be,Nosy Be,P006,Sucre Roux 1kg,Sucre,11,3800,0,41800.0,8800.0
V2031,2026-03-28,C006,Alimentation Ambilobe,Ambilobe,P011,Savon Nosy 1 carton,Hygiène,8,50000,0,400000.0,64000.0
V2032,2026-03-28,C003,Hotel Constance Nosy Be,Nosy Be,P007,Farine 25kg,Farine,4,54000,10,194400.0,14400.0
V2033,2026-03-29,C001,Epicerie Amina,Antsiranana,P012,Omo 1kg,Hygiène,5,10000,0,50000.0,10000.0
V2034,2026-03-29,C006,Alimentation Ambilobe,Ambilobe,P001,Riz Maka 25kg,Riz,8,65000,0,520000.0,80000.0
V2035,2026-03-29,C004,Epicerie Madiro,Ambanja,P014,Tomate concentrée 1 carton,Conserve,3,30000,0,90000.0,15000.0
V2036,2026-03-29,C004,Epicerie Madiro,Ambanja,P013,Boite Sardine 10pcs,Conserve,6,18000,5,102600.0,12600.0
V2037,2026-03-29,C004,Epicerie Madiro,Ambanja,P004,Huile Hina 5L,Huile,14,33000,0,462000.0,70000.0
V2038,2026-03-29,C005,Quincaillerie Diego,Antsiranana,P008,Farine 1kg,Farine,3,2800,0,8400.0,1800.0
V2039,2026-03-30,C001,Epicerie Amina,Antsiranana,P002,Riz Tsipala 50kg,Riz,23,130000,0,2990000.0,460000.0
V2040,2026-03-31,C003,Hotel Constance Nosy Be,Nosy Be,P009,Lait Nido 2kg,Lait,2,78000,0,156000.0,26000.0
V2041,2026-03-31,C003,Hotel Constance Nosy Be,Nosy Be,P006,Sucre Roux 1kg,Sucre,15,3800,0,57000.0,12000.0
V2042,2026-03-31,C002,Score Jumbo,Antsiranana,P003,Huile Ril 20L,Huile,9,98000,0,882000.0,117000.0
V2043,2026-03-31,C003,Hotel Constance Nosy Be,Nosy Be,P020,Tôles 3m galvanisées,Matériaux,10,32000,0,320000.0,70000.0
V2044,2026-03-31,C006,Alimentation Ambilobe,Ambilobe,P001,Riz Maka 25kg,Riz,32,65000,10,1872000.0,112000.0
V2045,2026-03-31,C002,Score Jumbo,Antsiranana,P020,Tôles 3m galvanisées,Matériaux,15,32000,0,480000.0,105000.0
V2046,2026-03-31,C002,Score Jumbo,Antsiranana,P002,Riz Tsipala 50kg,Riz,11,130000,0,1430000.0,220000.0
V2047,2026-03-31,C002,Score Jumbo,Antsiranana,P007,Farine 25kg,Farine,7,54000,10,340200.0,25200.0
V2048,2026-03-31,C005,Quincaillerie Diego,Antsiranana,P018,Coca 1 pack 33cl,Boisson,5,15000,10,67500.0,7500.0
V2049,2026-03-31,C003,Hotel Constance Nosy Be,Nosy Be,P010,Lait Bonnet Rouge 450g,Lait,4,4500,0,18000.0,4000.0
V2050,2026-04-01,C001,Epicerie Amina,Antsiranana,P013,Boite Sardine 10pcs,Conserve,10,18000,5,171000.0,21000.0
V2051,2026-04-01,C004,Epicerie Madiro,Ambanja,P005,Sucre Blanc 1kg,Sucre,1,4000,0,4000.0,800.0
V2052,2026-04-02,C001,Epicerie Amina,Antsiranana,P014,Tomate concentrée 1 carton,Conserve,2,30000,0,60000.0,10000.0
V2053,2026-04-02,C006,Alimentation Ambilobe,Ambilobe,P020,Tôles 3m galvanisées,Matériaux,8,32000,0,256000.0,56000.0
V2054,2026-04-02,C001,Epicerie Amina,Antsiranana,P001,Riz Maka 25kg,Riz,18,65000,0,1170000.0,180000.0
V2055,2026-04-02,C006,Alimentation Ambilobe,Ambilobe,P010,Lait Bonnet Rouge 450g,Lait,2,4500,0,9000.0,2000.0
V2056,2026-04-02,C001,Epicerie Amina,Antsiranana,P010,Lait Bonnet Rouge 450g,Lait,13,4500,0,58500.0,13000.0
V2057,2026-04-03,C004,Epicerie Madiro,Ambanja,P016,Biscuit Gold 1 carton,Biscuit,15,22000,10,297000.0,27000.0
V2058,2026-04-03,C003,Hotel Constance Nosy Be,Nosy Be,P003,Huile Ril 20L,Huile,11,98000,5,1024100.0,89100.0
V2059,2026-04-03,C004,Epicerie Madiro,Ambanja,P006,Sucre Roux 1kg,Sucre,6,3800,0,22800.0,4800.0
V2060,2026-04-03,C003,Hotel Constance Nosy Be,Nosy Be,P006,Sucre Roux 1kg,Sucre,8,3800,0,30400.0,6400.0
V2061,2026-04-04,C003,Hotel Constance Nosy Be,Nosy Be,P015,Pâtes Spaghetti 500g,Pâtes,8,3200,0,25600.0,5600.0
V2062,2026-04-04,C002,Score Jumbo,Antsiranana,P009,Lait Nido 2kg,Lait,10,78000,0,780000.0,130000.0
V2063,2026-04-04,C002,Score Jumbo,Antsiranana,P004,Huile Hina 5L,Huile,2,33000,10,59400.0,3400.0
V2064,2026-04-04,C003,Hotel Constance Nosy Be,Nosy Be,P018,Coca 1 pack 33cl,Boisson,7,15000,5,99750.0,15750.0
V2065,2026-04-04,C002,Score Jumbo,Antsiranana,P018,Coca 1 pack 33cl,Boisson,1,15000,0,15000.0,3000.0
V2066,2026-04-05,C005,Quincaillerie Diego,Antsiranana,P014,Tomate concentrée 1 carton,Conserve,9,30000,10,243000.0,18000.0
V2067,2026-04-05,C004,Epicerie Madiro,Ambanja,P019,Ciment Holcim 50kg,Matériaux,15,45000,0,675000.0,105000.0
V2068,2026-04-05,C004,Epicerie Madiro,Ambanja,P010,Lait Bonnet Rouge 450g,Lait,2,4500,0,9000.0,2000.0
V2069,2026-04-05,C006,Alimentation Ambilobe,Ambilobe,P002,Riz Tsipala 50kg,Riz,37,130000,5,4569500.0,499500.0
V2070,2026-04-06,C005,Quincaillerie Diego,Antsiranana,P019,Ciment Holcim 50kg,Matériaux,11,45000,5,470250.0,52250.0
V2071,2026-04-06,C002,Score Jumbo,Antsiranana,P004,Huile Hina 5L,Huile,13,33000,0,429000.0,65000.0
V2072,2026-04-06,C002,Score Jumbo,Antsiranana,P006,Sucre Roux 1kg,Sucre,4,3800,0,15200.0,3200.0
V2073,2026-04-06,C002,Score Jumbo,Antsiranana,P002,Riz Tsipala 50kg,Riz,32,130000,0,4160000.0,640000.0
V2074,2026-04-06,C006,Alimentation Ambilobe,Ambilobe,P014,Tomate concentrée 1 carton,Conserve,4,30000,10,108000.0,8000.0
V2075,2026-04-07,C002,Score Jumbo,Antsiranana,P020,Tôles 3m galvanisées,Matériaux,5,32000,0,160000.0,35000.0
V2076,2026-04-07,C006,Alimentation Ambilobe,Ambilobe,P003,Huile Ril 20L,Huile,2,98000,0,196000.0,26000.0
V2077,2026-04-07,C005,Quincaillerie Diego,Antsiranana,P013,Boite Sardine 10pcs,Conserve,9,18000,0,162000.0,27000.0
V2078,2026-04-07,C003,Hotel Constance Nosy Be,Nosy Be,P017,Eau Vive 1 pack 1.5L,Boisson,8,10000,0,80000.0,16000.0
V2079,2026-04-07,C006,Alimentation Ambilobe,Ambilobe,P020,Tôles 3m galvanisées,Matériaux,10,32000,5,304000.0,54000.0
V2080,2026-04-07,C004,Epicerie Madiro,Ambanja,P004,Huile Hina 5L,Huile,7,33000,0,231000.0,35000.0
V2081,2026-04-08,C002,Score Jumbo,Antsiranana,P019,Ciment Holcim 50kg,Matériaux,10,45000,5,427500.0,47500.0
V2082,2026-04-09,C001,Epicerie Amina,Antsiranana,P004,Huile Hina 5L,Huile,10,33000,0,330000.0,50000.0
V2083,2026-04-09,C003,Hotel Constance Nosy Be,Nosy Be,P018,Coca 1 pack 33cl,Boisson,15,15000,0,225000.0,45000.0
V2084,2026-04-09,C004,Epicerie Madiro,Ambanja,P009,Lait Nido 2kg,Lait,7,78000,10,491400.0,36400.0
V2085,2026-04-10,C004,Epicerie Madiro,Ambanja,P019,Ciment Holcim 50kg,Matériaux,10,45000,0,450000.0,70000.0
V2086,2026-04-10,C001,Epicerie Amina,Antsiranana,P006,Sucre Roux 1kg,Sucre,5,3800,0,19000.0,4000.0
V2087,2026-04-11,C002,Score Jumbo,Antsiranana,P020,Tôles 3m galvanisées,Matériaux,10,32000,10,288000.0,38000.0
V2088,2026-04-11,C006,Alimentation Ambilobe,Ambilobe,P013,Boite Sardine 10pcs,Conserve,1,18000,0,18000.0,3000.0
V2089,2026-04-11,C003,Hotel Constance Nosy Be,Nosy Be,P008,Farine 1kg,Farine,1,2800,10,2520.0,320.0
V2090,2026-04-11,C004,Epicerie Madiro,Ambanja,P009,Lait Nido 2kg,Lait,15,78000,0,1170000.0,195000.0
V2091,2026-04-11,C001,Epicerie Amina,Antsiranana,P011,Savon Nosy 1 carton,Hygiène,14,50000,0,700000.0,112000.0
V2092,2026-04-12,C003,Hotel Constance Nosy Be,Nosy Be,P009,Lait Nido 2kg,Lait,14,78000,0,1092000.0,182000.0
V2093,2026-04-12,C006,Alimentation Ambilobe,Ambilobe,P004,Huile Hina 5L,Huile,14,33000,0,462000.0,70000.0
V2094,2026-04-12,C002,Score Jumbo,Antsiranana,P010,Lait Bonnet Rouge 450g,Lait,12,4500,0,54000.0,12000.0
V2095,2026-04-12,C003,Hotel Constance Nosy Be,Nosy Be,P009,Lait Nido 2kg,Lait,12,78000,0,936000.0,156000.0
V2096,2026-04-13,C005,Quincaillerie Diego,Antsiranana,P003,Huile Ril 20L,Huile,4,98000,0,392000.0,52000.0
V2097,2026-04-13,C002,Score Jumbo,Antsiranana,P014,Tomate concentrée 1 carton,Conserve,12,30000,0,360000.0,60000.0
V2098,2026-04-13,C005,Quincaillerie Diego,Antsiranana,P012,Omo 1kg,Hygiène,14,10000,0,140000.0,28000.0
V2099,2026-04-13,C005,Quincaillerie Diego,Antsiranana,P006,Sucre Roux 1kg,Sucre,2,3800,0,7600.0,1600.0
V2100,2026-04-13,C006,Alimentation Ambilobe,Ambilobe,P017,Eau Vive 1 pack 1.5L,Boisson,7,10000,0,70000.0,14000.0
V2101,2026-04-13,C005,Quincaillerie Diego,Antsiranana,P019,Ciment Holcim 50kg,Matériaux,1,45000,0,45000.0,7000.0
V2102,2026-04-13,C002,Score Jumbo,Antsiranana,P007,Farine 25kg,Farine,14,54000,0,756000.0,126000.0
V2103,2026-04-14,C002,Score Jumbo,Antsiranana,P002,Riz Tsipala 50kg,Riz,34,130000,0,4420000.0,680000.0
V2104,2026-04-14,C003,Hotel Constance Nosy Be,Nosy Be,P007,Farine 25kg,Farine,5,54000,0,270000.0,45000.0
V2105,2026-04-14,C004,Epicerie Madiro,Ambanja,P017,Eau Vive 1 pack 1.5L,Boisson,7,10000,10,63000.0,7000.0
V2106,2026-04-14,C001,Epicerie Amina,Antsiranana,P001,Riz Maka 25kg,Riz,20,65000,0,1300000.0,200000.0
V2107,2026-04-14,C004,Epicerie Madiro,Ambanja,P020,Tôles 3m galvanisées,Matériaux,8,32000,0,256000.0,56000.0
V2108,2026-04-14,C004,Epicerie Madiro,Ambanja,P019,Ciment Holcim 50kg,Matériaux,9,45000,0,405000.0,63000.0
V2109,2026-04-14,C003,Hotel Constance Nosy Be,Nosy Be,P006,Sucre Roux 1kg,Sucre,14,3800,0,53200.0,11200.0
V2110,2026-04-15,C006,Alimentation Ambilobe,Ambilobe,P003,Huile Ril 20L,Huile,5,98000,0,490000.0,65000.0
V2111,2026-04-15,C004,Epicerie Madiro,Ambanja,P002,Riz Tsipala 50kg,Riz,15,130000,5,1852500.0,202500.0
V2112,2026-04-16,C002,Score Jumbo,Antsiranana,P008,Farine 1kg,Farine,11,2800,0,30800.0,6600.0
V2113,2026-04-16,C006,Alimentation Ambilobe,Ambilobe,P007,Farine 25kg,Farine,5,54000,10,243000.0,18000.0
V2114,2026-04-16,C004,Epicerie Madiro,Ambanja,P017,Eau Vive 1 pack 1.5L,Boisson,1,10000,10,9000.0,1000.0
V2115,2026-04-16,C001,Epicerie Amina,Antsiranana,P016,Biscuit Gold 1 carton,Biscuit,15,22000,0,330000.0,60000.0
V2116,2026-04-16,C006,Alimentation Ambilobe,Ambilobe,P006,Sucre Roux 1kg,Sucre,10,3800,0,38000.0,8000.0
V2117,2026-04-16,C002,Score Jumbo,Antsiranana,P009,Lait Nido 2kg,Lait,10,78000,0,780000.0,130000.0
V2118,2026-04-17,C006,Alimentation Ambilobe,Ambilobe,P009,Lait Nido 2kg,Lait,7,78000,0,546000.0,91000.0
V2119,2026-04-17,C003,Hotel Constance Nosy Be,Nosy Be,P015,Pâtes Spaghetti 500g,Pâtes,5,3200,0,16000.0,3500.0
V2120,2026-04-17,C004,Epicerie Madiro,Ambanja,P010,Lait Bonnet Rouge 450g,Lait,11,4500,5,47025.0,8525.0
V2121,2026-04-17,C005,Quincaillerie Diego,Antsiranana,P013,Boite Sardine 10pcs,Conserve,10,18000,0,180000.0,30000.0
V2122,2026-04-17,C001,Epicerie Amina,Antsiranana,P017,Eau Vive 1 pack 1.5L,Boisson,11,10000,0,110000.0,22000.0
V2123,2026-04-17,C005,Quincaillerie Diego,Antsiranana,P020,Tôles 3m galvanisées,Matériaux,10,32000,0,320000.0,70000.0
V2124,2026-04-17,C003,Hotel Constance Nosy Be,Nosy Be,P004,Huile Hina 5L,Huile,8,33000,0,264000.0,40000.0
V2125,2026-04-18,C003,Hotel Constance Nosy Be,Nosy Be,P009,Lait Nido 2kg,Lait,11,78000,0,858000.0,143000.0
V2126,2026-04-18,C003,Hotel Constance Nosy Be,Nosy Be,P009,Lait Nido 2kg,Lait,11,78000,10,772200.0,57200.0
V2127,2026-04-19,C006,Alimentation Ambilobe,Ambilobe,P010,Lait Bonnet Rouge 450g,Lait,4,4500,0,18000.0,4000.0
V2128,2026-04-19,C005,Quincaillerie Diego,Antsiranana,P008,Farine 1kg,Farine,15,2800,0,42000.0,9000.0
V2129,2026-04-19,C005,Quincaillerie Diego,Antsiranana,P013,Boite Sardine 10pcs,Conserve,11,18000,0,198000.0,33000.0
V2130,2026-04-19,C006,Alimentation Ambilobe,Ambilobe,P005,Sucre Blanc 1kg,Sucre,12,4000,0,48000.0,9600.0
V2131,2026-04-19,C006,Alimentation Ambilobe,Ambilobe,P016,Biscuit Gold 1 carton,Biscuit,5,22000,0,110000.0,20000.0
V2132,2026-04-19,C004,Epicerie Madiro,Ambanja,P013,Boite Sardine 10pcs,Conserve,7,18000,10,113400.0,8400.0
V2133,2026-04-19,C001,Epicerie Amina,Antsiranana,P019,Ciment Holcim 50kg,Matériaux,12,45000,5,513000.0,57000.0
V2134,2026-04-20,C002,Score Jumbo,Antsiranana,P011,Savon Nosy 1 carton,Hygiène,12,50000,10,540000.0,36000.0
V2135,2026-04-20,C002,Score Jumbo,Antsiranana,P018,Coca 1 pack 33cl,Boisson,11,15000,0,165000.0,33000.0
V2136,2026-04-20,C006,Alimentation Ambilobe,Ambilobe,P012,Omo 1kg,Hygiène,9,10000,0,90000.0,18000.0
V2137,2026-04-20,C002,Score Jumbo,Antsiranana,P018,Coca 1 pack 33cl,Boisson,3,15000,0,45000.0,9000.0
V2138,2026-04-20,C001,Epicerie Amina,Antsiranana,P016,Biscuit Gold 1 carton,Biscuit,3,22000,10,59400.0,5400.0
V2139,2026-04-21,C003,Hotel Constance Nosy Be,Nosy Be,P018,Coca 1 pack 33cl,Boisson,13,15000,0,195000.0,39000.0
V2140,2026-04-21,C006,Alimentation Ambilobe,Ambilobe,P011,Savon Nosy 1 carton,Hygiène,11,50000,0,550000.0,88000.0
V2141,2026-04-21,C002,Score Jumbo,Antsiranana,P012,Omo 1kg,Hygiène,4,10000,10,36000.0,4000.0
V2142,2026-04-21,C003,Hotel Constance Nosy Be,Nosy Be,P014,Tomate concentrée 1 carton,Conserve,13,30000,0,390000.0,65000.0
V2143,2026-04-21,C003,Hotel Constance Nosy Be,Nosy Be,P009,Lait Nido 2kg,Lait,10,78000,0,780000.0,130000.0
V2144,2026-04-21,C004,Epicerie Madiro,Ambanja,P004,Huile Hina 5L,Huile,8,33000,0,264000.0,40000.0
V2145,2026-04-21,C006,Alimentation Ambilobe,Ambilobe,P019,Ciment Holcim 50kg,Matériaux,10,45000,5,427500.0,47500.0
V2146,2026-04-22,C001,Epicerie Amina,Antsiranana,P016,Biscuit Gold 1 carton,Biscuit,15,22000,0,330000.0,60000.0
V2147,2026-04-22,C005,Quincaillerie Diego,Antsiranana,P004,Huile Hina 5L,Huile,14,33000,10,415800.0,23800.0
V2148,2026-04-22,C004,Epicerie Madiro,Ambanja,P017,Eau Vive 1 pack 1.5L,Boisson,5,10000,0,50000.0,10000.0
V2149,2026-04-22,C001,Epicerie Amina,Antsiranana,P005,Sucre Blanc 1kg,Sucre,3,4000,0,12000.0,2400.0
V2150,2026-04-22,C003,Hotel Constance Nosy Be,Nosy Be,P014,Tomate concentrée 1 carton,Conserve,10,30000,0,300000.0,50000.0
V2151,2026-04-22,C002,Score Jumbo,Antsiranana,P011,Savon Nosy 1 carton,Hygiène,14,50000,10,630000.0,42000.0
V2152,2026-04-23,C002,Score Jumbo,Antsiranana,P003,Huile Ril 20L,Huile,8,98000,0,784000.0,104000.0
V2153,2026-04-23,C006,Alimentation Ambilobe,Ambilobe,P006,Sucre Roux 1kg,Sucre,6,3800,10,20520.0,2520.0
V2154,2026-04-23,C001,Epicerie Amina,Antsiranana,P001,Riz Maka 25kg,Riz,33,65000,0,2145000.0,330000.0
V2155,2026-04-23,C002,Score Jumbo,Antsiranana,P006,Sucre Roux 1kg,Sucre,10,3800,0,38000.0,8000.0
V2156,2026-04-23,C004,Epicerie Madiro,Ambanja,P003,Huile Ril 20L,Huile,3,98000,5,279300.0,24300.0
V2157,2026-04-24,C004,Epicerie Madiro,Ambanja,P014,Tomate concentrée 1 carton,Conserve,7,30000,0,210000.0,35000.0
V2158,2026-04-24,C004,Epicerie Madiro,Ambanja,P013,Boite Sardine 10pcs,Conserve,1,18000,0,18000.0,3000.0
V2159,2026-04-24,C005,Quincaillerie Diego,Antsiranana,P007,Farine 25kg,Farine,12,54000,0,648000.0,108000.0
V2160,2026-04-24,C001,Epicerie Amina,Antsiranana,P011,Savon Nosy 1 carton,Hygiène,13,50000,5,617500.0,71500.0
V2161,2026-04-24,C002,Score Jumbo,Antsiranana,P001,Riz Maka 25kg,Riz,5,65000,10,292500.0,17500.0
V2162,2026-04-24,C006,Alimentation Ambilobe,Ambilobe,P008,Farine 1kg,Farine,4,2800,10,10080.0,1280.0
V2163,2026-04-25,C003,Hotel Constance Nosy Be,Nosy Be,P010,Lait Bonnet Rouge 450g,Lait,3,4500,0,13500.0,3000.0
V2164,2026-04-25,C004,Epicerie Madiro,Ambanja,P017,Eau Vive 1 pack 1.5L,Boisson,10,10000,0,100000.0,20000.0
V2165,2026-04-25,C002,Score Jumbo,Antsiranana,P003,Huile Ril 20L,Huile,14,98000,0,1372000.0,182000.0
V2166,2026-04-25,C003,Hotel Constance Nosy Be,Nosy Be,P010,Lait Bonnet Rouge 450g,Lait,8,4500,10,32400.0,4400.0
V2167,2026-04-25,C005,Quincaillerie Diego,Antsiranana,P020,Tôles 3m galvanisées,Matériaux,9,32000,0,288000.0,63000.0
V2168,2026-04-26,C004,Epicerie Madiro,Ambanja,P005,Sucre Blanc 1kg,Sucre,6,4000,0,24000.0,4800.0
V2169,2026-04-26,C003,Hotel Constance Nosy Be,Nosy Be,P007,Farine 25kg,Farine,3,54000,0,162000.0,27000.0
V2170,2026-04-26,C001,Epicerie Amina,Antsiranana,P008,Farine 1kg,Farine,4,2800,10,10080.0,1280.0
V2171,2026-04-26,C002,Score Jumbo,Antsiranana,P007,Farine 25kg,Farine,12,54000,0,648000.0,108000.0
V2172,2026-04-27,C005,Quincaillerie Diego,Antsiranana,P017,Eau Vive 1 pack 1.5L,Boisson,3,10000,0,30000.0,6000.0
V2173,2026-04-27,C003,Hotel Constance Nosy Be,Nosy Be,P002,Riz Tsipala 50kg,Riz,29,130000,10,3393000.0,203000.0
V2174,2026-04-27,C003,Hotel Constance Nosy Be,Nosy Be,P018,Coca 1 pack 33cl,Boisson,10,15000,0,150000.0,30000.0
V2175,2026-04-27,C005,Quincaillerie Diego,Antsiranana,P002,Riz Tsipala 50kg,Riz,11,130000,10,1287000.0,77000.0
V2176,2026-04-27,C001,Epicerie Amina,Antsiranana,P002,Riz Tsipala 50kg,Riz,12,130000,0,1560000.0,240000.0
V2177,2026-04-27,C004,Epicerie Madiro,Ambanja,P013,Boite Sardine 10pcs,Conserve,2,18000,5,34200.0,4200.0
V2178,2026-04-27,C003,Hotel Constance Nosy Be,Nosy Be,P016,Biscuit Gold 1 carton,Biscuit,12,22000,0,264000.0,48000.0
V2179,2026-04-28,C002,Score Jumbo,Antsiranana,P001,Riz Maka 25kg,Riz,24,65000,0,1560000.0,240000.0
V2180,2026-04-29,C006,Alimentation Ambilobe,Ambilobe,P004,Huile Hina 5L,Huile,11,33000,5,344850.0,36850.0
V2181,2026-04-29,C003,Hotel Constance Nosy Be,Nosy Be,P020,Tôles 3m galvanisées,Matériaux,10,32000,10,288000.0,38000.0
V2182,2026-04-29,C002,Score Jumbo,Antsiranana,P014,Tomate concentrée 1 carton,Conserve,14,30000,0,420000.0,70000.0
V2183,2026-04-29,C005,Quincaillerie Diego,Antsiranana,P020,Tôles 3m galvanisées,Matériaux,2,32000,0,64000.0,14000.0
V2184,2026-04-29,C001,Epicerie Amina,Antsiranana,P004,Huile Hina 5L,Huile,8,33000,0,264000.0,40000.0
V2185,2026-04-29,C005,Quincaillerie Diego,Antsiranana,P007,Farine 25kg,Farine,13,54000,0,702000.0,117000.0
V2186,2026-04-29,C005,Quincaillerie Diego,Antsiranana,P007,Farine 25kg,Farine,6,54000,10,291600.0,21600.0
V2187,2026-04-29,C004,Epicerie Madiro,Ambanja,P010,Lait Bonnet Rouge 450g,Lait,3,4500,0,13500.0,3000.0
V2188,2026-04-30,C005,Quincaillerie Diego,Antsiranana,P016,Biscuit Gold 1 carton,Biscuit,15,22000,0,330000.0,60000.0
V2189,2026-04-30,C006,Alimentation Ambilobe,Ambilobe,P016,Biscuit Gold 1 carton,Biscuit,6,22000,0,132000.0,24000.0
V2190,2026-04-30,C001,Epicerie Amina,Antsiranana,P001,Riz Maka 25kg,Riz,10,65000,0,650000.0,100000.0
V2191,2026-04-30,C005,Quincaillerie Diego,Antsiranana,P016,Biscuit Gold 1 carton,Biscuit,3,22000,0,66000.0,12000.0
V2192,2026-05-01,C005,Quincaillerie Diego,Antsiranana,P003,Huile Ril 20L,Huile,12,98000,10,1058400.0,38400.0
V2193,2026-05-01,C001,Epicerie Amina,Antsiranana,P009,Lait Nido 2kg,Lait,11,78000,0,858000.0,143000.0
V2194,2026-05-01,C004,Epicerie Madiro,Ambanja,P010,Lait Bonnet Rouge 450g,Lait,5,4500,0,22500.0,5000.0
V2195,2026-05-01,C001,Epicerie Amina,Antsiranana,P004,Huile Hina 5L,Huile,14,33000,0,462000.0,70000.0
V2196,2026-05-01,C001,Epicerie Amina,Antsiranana,P010,Lait Bonnet Rouge 450g,Lait,6,4500,10,24300.0,3300.0
V2197,2026-05-02,C003,Hotel Constance Nosy Be,Nosy Be,P014,Tomate concentrée 1 carton,Conserve,12,30000,0,360000.0,60000.0
V2198,2026-05-02,C001,Epicerie Amina,Antsiranana,P002,Riz Tsipala 50kg,Riz,5,130000,0,650000.0,100000.0
V2199,2026-05-02,C006,Alimentation Ambilobe,Ambilobe,P006,Sucre Roux 1kg,Sucre,6,3800,0,22800.0,4800.0
V2200,2026-05-03,C004,Epicerie Madiro,Ambanja,P020,Tôles 3m galvanisées,Matériaux,5,32000,10,144000.0,19000.0
V2201,2026-05-03,C001,Epicerie Amina,Antsiranana,P012,Omo 1kg,Hygiène,14,10000,0,140000.0,28000.0
V2202,2026-05-03,C002,Score Jumbo,Antsiranana,P004,Huile Hina 5L,Huile,7,33000,0,231000.0,35000.0
V2203,2026-05-03,C004,Epicerie Madiro,Ambanja,P009,Lait Nido 2kg,Lait,14,78000,0,1092000.0,182000.0
V2204,2026-05-03,C006,Alimentation Ambilobe,Ambilobe,P016,Biscuit Gold 1 carton,Biscuit,13,22000,0,286000.0,52000.0
V2205,2026-05-03,C006,Alimentation Ambilobe,Ambilobe,P006,Sucre Roux 1kg,Sucre,2,3800,0,7600.0,1600.0
V2206,2026-05-03,C006,Alimentation Ambilobe,Ambilobe,P002,Riz Tsipala 50kg,Riz,15,130000,0,1950000.0,300000.0
V2207,2026-05-04,C004,Epicerie Madiro,Ambanja,P019,Ciment Holcim 50kg,Matériaux,8,45000,5,342000.0,38000.0
V2208,2026-05-04,C006,Alimentation Ambilobe,Ambilobe,P015,Pâtes Spaghetti 500g,Pâtes,3,3200,5,9120.0,1620.0
V2209,2026-05-05,C004,Epicerie Madiro,Ambanja,P012,Omo 1kg,Hygiène,10,10000,0,100000.0,20000.0
V2210,2026-05-05,C006,Alimentation Ambilobe,Ambilobe,P005,Sucre Blanc 1kg,Sucre,8,4000,0,32000.0,6400.0
V2211,2026-05-05,C001,Epicerie Amina,Antsiranana,P014,Tomate concentrée 1 carton,Conserve,8,30000,0,240000.0,40000.0
V2212,2026-05-05,C001,Epicerie Amina,Antsiranana,P009,Lait Nido 2kg,Lait,11,78000,0,858000.0,143000.0
V2213,2026-05-05,C001,Epicerie Amina,Antsiranana,P017,Eau Vive 1 pack 1.5L,Boisson,13,10000,10,117000.0,13000.0
V2214,2026-05-06,C005,Quincaillerie Diego,Antsiranana,P019,Ciment Holcim 50kg,Matériaux,4,45000,10,162000.0,10000.0
V2215,2026-05-06,C003,Hotel Constance Nosy Be,Nosy Be,P017,Eau Vive 1 pack 1.5L,Boisson,9,10000,10,81000.0,9000.0
V2216,2026-05-06,C006,Alimentation Ambilobe,Ambilobe,P020,Tôles 3m galvanisées,Matériaux,2,32000,0,64000.0,14000.0
V2217,2026-05-06,C006,Alimentation Ambilobe,Ambilobe,P008,Farine 1kg,Farine,8,2800,0,22400.0,4800.0
V2218,2026-05-06,C006,Alimentation Ambilobe,Ambilobe,P013,Boite Sardine 10pcs,Conserve,3,18000,5,51300.0,6300.0
V2219,2026-05-06,C005,Quincaillerie Diego,Antsiranana,P002,Riz Tsipala 50kg,Riz,5,130000,10,585000.0,35000.0
V2220,2026-05-06,C002,Score Jumbo,Antsiranana,P017,Eau Vive 1 pack 1.5L,Boisson,14,10000,0,140000.0,28000.0
V2221,2026-05-06,C004,Epicerie Madiro,Ambanja,P006,Sucre Roux 1kg,Sucre,2,3800,0,7600.0,1600.0
V2222,2026-05-06,C003,Hotel Constance Nosy Be,Nosy Be,P008,Farine 1kg,Farine,6,2800,0,16800.0,3600.0
V2223,2026-05-06,C001,Epicerie Amina,Antsiranana,P017,Eau Vive 1 pack 1.5L,Boisson,4,10000,5,38000.0,6000.0
V2224,2026-05-07,C006,Alimentation Ambilobe,Ambilobe,P013,Boite Sardine 10pcs,Conserve,7,18000,0,126000.0,21000.0
V2225,2026-05-07,C001,Epicerie Amina,Antsiranana,P015,Pâtes Spaghetti 500g,Pâtes,8,3200,5,24320.0,4320.0
V2226,2026-05-07,C004,Epicerie Madiro,Ambanja,P003,Huile Ril 20L,Huile,14,98000,0,1372000.0,182000.0
V2227,2026-05-07,C004,Epicerie Madiro,Ambanja,P011,Savon Nosy 1 carton,Hygiène,2,50000,0,100000.0,16000.0
V2228,2026-05-07,C006,Alimentation Ambilobe,Ambilobe,P001,Riz Maka 25kg,Riz,11,65000,0,715000.0,110000.0
V2229,2026-05-07,C004,Epicerie Madiro,Ambanja,P002,Riz Tsipala 50kg,Riz,40,130000,5,4940000.0,540000.0
V2230,2026-05-07,C001,Epicerie Amina,Antsiranana,P003,Huile Ril 20L,Huile,13,98000,5,1210300.0,105300.0
V2231,2026-05-08,C005,Quincaillerie Diego,Antsiranana,P010,Lait Bonnet Rouge 450g,Lait,15,4500,5,64125.0,11625.0
V2232,2026-05-08,C005,Quincaillerie Diego,Antsiranana,P007,Farine 25kg,Farine,11,54000,10,534600.0,39600.0
V2233,2026-05-08,C004,Epicerie Madiro,Ambanja,P011,Savon Nosy 1 carton,Hygiène,6,50000,0,300000.0,48000.0
V2234,2026-05-08,C002,Score Jumbo,Antsiranana,P015,Pâtes Spaghetti 500g,Pâtes,6,3200,5,18240.0,3240.0
V2235,2026-05-08,C005,Quincaillerie Diego,Antsiranana,P020,Tôles 3m galvanisées,Matériaux,8,32000,10,230400.0,30400.0
V2236,2026-05-08,C006,Alimentation Ambilobe,Ambilobe,P012,Omo 1kg,Hygiène,12,10000,0,120000.0,24000.0
V2237,2026-05-08,C001,Epicerie Amina,Antsiranana,P004,Huile Hina 5L,Huile,13,33000,10,386100.0,22100.0
V2238,2026-05-09,C002,Score Jumbo,Antsiranana,P001,Riz Maka 25kg,Riz,26,65000,0,1690000.0,260000.0
V2239,2026-05-09,C006,Alimentation Ambilobe,Ambilobe,P010,Lait Bonnet Rouge 450g,Lait,9,4500,5,38475.0,6975.0
V2240,2026-05-09,C003,Hotel Constance Nosy Be,Nosy Be,P004,Huile Hina 5L,Huile,1,33000,0,33000.0,5000.0
V2241,2026-05-09,C004,Epicerie Madiro,Ambanja,P005,Sucre Blanc 1kg,Sucre,14,4000,10,50400.0,5600.0
V2242,2026-05-09,C006,Alimentation Ambilobe,Ambilobe,P014,Tomate concentrée 1 carton,Conserve,2,30000,0,60000.0,10000.0
V2243,2026-05-09,C005,Quincaillerie Diego,Antsiranana,P007,Farine 25kg,Farine,4,54000,0,216000.0,36000.0
V2244,2026-05-09,C004,Epicerie Madiro,Ambanja,P007,Farine 25kg,Farine,8,54000,0,432000.0,72000.0
V2245,2026-05-09,C006,Alimentation Ambilobe,Ambilobe,P011,Savon Nosy 1 carton,Hygiène,2,50000,0,100000.0,16000.0
V2246,2026-05-09,C001,Epicerie Amina,Antsiranana,P019,Ciment Holcim 50kg,Matériaux,2,45000,0,90000.0,14000.0
V2247,2026-05-09,C004,Epicerie Madiro,Ambanja,P019,Ciment Holcim 50kg,Matériaux,9,45000,0,405000.0,63000.0
V2248,2026-05-10,C004,Epicerie Madiro,Ambanja,P001,Riz Maka 25kg,Riz,38,65000,10,2223000.0,133000.0
V2249,2026-05-11,C001,Epicerie Amina,Antsiranana,P018,Coca 1 pack 33cl,Boisson,15,15000,0,225000.0,45000.0
V2250,2026-05-11,C005,Quincaillerie Diego,Antsiranana,P016,Biscuit Gold 1 carton,Biscuit,15,22000,5,313500.0,43500.0
V2251,2026-05-11,C002,Score Jumbo,Antsiranana,P019,Ciment Holcim 50kg,Matériaux,3,45000,10,121500.0,7500.0
V2252,2026-05-11,C002,Score Jumbo,Antsiranana,P004,Huile Hina 5L,Huile,7,33000,10,207900.0,11900.0
V2253,2026-05-11,C005,Quincaillerie Diego,Antsiranana,P020,Tôles 3m galvanisées,Matériaux,15,32000,0,480000.0,105000.0
V2254,2026-05-12,C005,Quincaillerie Diego,Antsiranana,P013,Boite Sardine 10pcs,Conserve,7,18000,5,119700.0,14700.0
V2255,2026-05-12,C006,Alimentation Ambilobe,Ambilobe,P008,Farine 1kg,Farine,5,2800,0,14000.0,3000.0
V2256,2026-05-12,C003,Hotel Constance Nosy Be,Nosy Be,P010,Lait Bonnet Rouge 450g,Lait,8,4500,0,36000.0,8000.0
V2257,2026-05-13,C002,Score Jumbo,Antsiranana,P014,Tomate concentrée 1 carton,Conserve,10,30000,10,270000.0,20000.0
V2258,2026-05-13,C006,Alimentation Ambilobe,Ambilobe,P017,Eau Vive 1 pack 1.5L,Boisson,5,10000,10,45000.0,5000.0
V2259,2026-05-13,C005,Quincaillerie Diego,Antsiranana,P011,Savon Nosy 1 carton,Hygiène,12,50000,10,540000.0,36000.0
V2260,2026-05-13,C005,Quincaillerie Diego,Antsiranana,P007,Farine 25kg,Farine,4,54000,0,216000.0,36000.0
V2261,2026-05-13,C005,Quincaillerie Diego,Antsiranana,P010,Lait Bonnet Rouge 450g,Lait,11,4500,0,49500.0,11000.0
V2262,2026-05-13,C006,Alimentation Ambilobe,Ambilobe,P005,Sucre Blanc 1kg,Sucre,12,4000,10,43200.0,4800.0
V2263,2026-05-13,C002,Score Jumbo,Antsiranana,P017,Eau Vive 1 pack 1.5L,Boisson,9,10000,10,81000.0,9000.0
V2264,2026-05-13,C006,Alimentation Ambilobe,Ambilobe,P011,Savon Nosy 1 carton,Hygiène,12,50000,0,600000.0,96000.0
V2265,2026-05-14,C003,Hotel Constance Nosy Be,Nosy Be,P018,Coca 1 pack 33cl,Boisson,8,15000,5,114000.0,18000.0
V2266,2026-05-14,C005,Quincaillerie Diego,Antsiranana,P014,Tomate concentrée 1 carton,Conserve,11,30000,10,297000.0,22000.0
V2267,2026-05-14,C005,Quincaillerie Diego,Antsiranana,P010,Lait Bonnet Rouge 450g,Lait,15,4500,0,67500.0,15000.0
V2268,2026-05-14,C001,Epicerie Amina,Antsiranana,P017,Eau Vive 1 pack 1.5L,Boisson,2,10000,0,20000.0,4000.0
V2269,2026-05-14,C004,Epicerie Madiro,Ambanja,P005,Sucre Blanc 1kg,Sucre,1,4000,10,3600.0,400.0
V2270,2026-05-14,C001,Epicerie Amina,Antsiranana,P007,Farine 25kg,Farine,5,54000,0,270000.0,45000.0
V2271,2026-05-14,C003,Hotel Constance Nosy Be,Nosy Be,P009,Lait Nido 2kg,Lait,3,78000,0,234000.0,39000.0
V2272,2026-05-15,C006,Alimentation Ambilobe,Ambilobe,P010,Lait Bonnet Rouge 450g,Lait,4,4500,5,17100.0,3100.0
V2273,2026-05-15,C001,Epicerie Amina,Antsiranana,P012,Omo 1kg,Hygiène,14,10000,0,140000.0,28000.0
V2274,2026-05-15,C001,Epicerie Amina,Antsiranana,P020,Tôles 3m galvanisées,Matériaux,14,32000,10,403200.0,53200.0
V2275,2026-05-16,C006,Alimentation Ambilobe,Ambilobe,P018,Coca 1 pack 33cl,Boisson,14,15000,0,210000.0,42000.0
V2276,2026-05-17,C006,Alimentation Ambilobe,Ambilobe,P018,Coca 1 pack 33cl,Boisson,7,15000,0,105000.0,21000.0
V2277,2026-05-17,C005,Quincaillerie Diego,Antsiranana,P010,Lait Bonnet Rouge 450g,Lait,12,4500,10,48600.0,6600.0
V2278,2026-05-17,C001,Epicerie Amina,Antsiranana,P013,Boite Sardine 10pcs,Conserve,7,18000,0,126000.0,21000.0
V2279,2026-05-17,C006,Alimentation Ambilobe,Ambilobe,P011,Savon Nosy 1 carton,Hygiène,9,50000,0,450000.0,72000.0
V2280,2026-05-17,C001,Epicerie Amina,Antsiranana,P009,Lait Nido 2kg,Lait,4,78000,5,296400.0,36400.0
V2281,2026-05-18,C004,Epicerie Madiro,Ambanja,P008,Farine 1kg,Farine,15,2800,10,37800.0,4800.0
V2282,2026-05-18,C006,Alimentation Ambilobe,Ambilobe,P012,Omo 1kg,Hygiène,13,10000,5,123500.0,19500.0
V2283,2026-05-18,C005,Quincaillerie Diego,Antsiranana,P020,Tôles 3m galvanisées,Matériaux,4,32000,10,115200.0,15200.0
V2284,2026-05-19,C002,Score Jumbo,Antsiranana,P010,Lait Bonnet Rouge 450g,Lait,8,4500,0,36000.0,8000.0
V2285,2026-05-19,C006,Alimentation Ambilobe,Ambilobe,P003,Huile Ril 20L,Huile,3,98000,0,294000.0,39000.0
V2286,2026-05-19,C006,Alimentation Ambilobe,Ambilobe,P017,Eau Vive 1 pack 1.5L,Boisson,2,10000,0,20000.0,4000.0
V2287,2026-05-19,C001,Epicerie Amina,Antsiranana,P014,Tomate concentrée 1 carton,Conserve,5,30000,5,142500.0,17500.0
V2288,2026-05-19,C003,Hotel Constance Nosy Be,Nosy Be,P005,Sucre Blanc 1kg,Sucre,3,4000,5,11400.0,1800.0
V2289,2026-05-19,C003,Hotel Constance Nosy Be,Nosy Be,P001,Riz Maka 25kg,Riz,26,65000,0,1690000.0,260000.0
V2290,2026-05-20,C006,Alimentation Ambilobe,Ambilobe,P005,Sucre Blanc 1kg,Sucre,1,4000,0,4000.0,800.0
V2291,2026-05-20,C003,Hotel Constance Nosy Be,Nosy Be,P020,Tôles 3m galvanisées,Matériaux,1,32000,10,28800.0,3800.0
V2292,2026-05-20,C005,Quincaillerie Diego,Antsiranana,P010,Lait Bonnet Rouge 450g,Lait,8,4500,5,34200.0,6200.0
V2293,2026-05-21,C005,Quincaillerie Diego,Antsiranana,P012,Omo 1kg,Hygiène,2,10000,10,18000.0,2000.0
V2294,2026-05-21,C003,Hotel Constance Nosy Be,Nosy Be,P017,Eau Vive 1 pack 1.5L,Boisson,4,10000,0,40000.0,8000.0
V2295,2026-05-21,C005,Quincaillerie Diego,Antsiranana,P003,Huile Ril 20L,Huile,13,98000,5,1210300.0,105300.0
V2296,2026-05-21,C002,Score Jumbo,Antsiranana,P014,Tomate concentrée 1 carton,Conserve,9,30000,5,256500.0,31500.0
V2297,2026-05-22,C004,Epicerie Madiro,Ambanja,P003,Huile Ril 20L,Huile,6,98000,0,588000.0,78000.0
V2298,2026-05-22,C002,Score Jumbo,Antsiranana,P011,Savon Nosy 1 carton,Hygiène,6,50000,0,300000.0,48000.0
V2299,2026-05-22,C003,Hotel Constance Nosy Be,Nosy Be,P007,Farine 25kg,Farine,13,54000,5,666900.0,81900.0
V2300,2026-05-22,C005,Quincaillerie Diego,Antsiranana,P016,Biscuit Gold 1 carton,Biscuit,9,22000,10,178200.0,16200.0
V2301,2026-05-22,C001,Epicerie Amina,Antsiranana,P004,Huile Hina 5L,Huile,11,33000,0,363000.0,55000.0
V2302,2026-05-23,C004,Epicerie Madiro,Ambanja,P008,Farine 1kg,Farine,15,2800,10,37800.0,4800.0
V2303,2026-05-23,C005,Quincaillerie Diego,Antsiranana,P020,Tôles 3m galvanisées,Matériaux,4,32000,0,128000.0,28000.0
V2304,2026-05-23,C006,Alimentation Ambilobe,Ambilobe,P011,Savon Nosy 1 carton,Hygiène,7,50000,0,350000.0,56000.0
V2305,2026-05-23,C004,Epicerie Madiro,Ambanja,P009,Lait Nido 2kg,Lait,9,78000,10,631800.0,46800.0
V2306,2026-05-23,C003,Hotel Constance Nosy Be,Nosy Be,P001,Riz Maka 25kg,Riz,38,65000,0,2470000.0,380000.0
V2307,2026-05-23,C005,Quincaillerie Diego,Antsiranana,P017,Eau Vive 1 pack 1.5L,Boisson,8,10000,0,80000.0,16000.0
V2308,2026-05-23,C001,Epicerie Amina,Antsiranana,P010,Lait Bonnet Rouge 450g,Lait,15,4500,10,60750.0,8250.0
V2309,2026-05-23,C002,Score Jumbo,Antsiranana,P011,Savon Nosy 1 carton,Hygiène,9,50000,0,450000.0,72000.0
V2310,2026-05-24,C001,Epicerie Amina,Antsiranana,P006,Sucre Roux 1kg,Sucre,13,3800,5,46930.0,7930.0
V2311,2026-05-24,C005,Quincaillerie Diego,Antsiranana,P001,Riz Maka 25kg,Riz,9,65000,0,585000.0,90000.0
V2312,2026-05-24,C006,Alimentation Ambilobe,Ambilobe,P007,Farine 25kg,Farine,14,54000,10,680400.0,50400.0
V2313,2026-05-24,C004,Epicerie Madiro,Ambanja,P004,Huile Hina 5L,Huile,4,33000,5,125400.0,13400.0
V2314,2026-05-24,C006,Alimentation Ambilobe,Ambilobe,P014,Tomate concentrée 1 carton,Conserve,11,30000,0,330000.0,55000.0
V2315,2026-05-24,C006,Alimentation Ambilobe,Ambilobe,P005,Sucre Blanc 1kg,Sucre,1,4000,0,4000.0,800.0
V2316,2026-05-24,C006,Alimentation Ambilobe,Ambilobe,P011,Savon Nosy 1 carton,Hygiène,1,50000,0,50000.0,8000.0
V2317,2026-05-25,C001,Epicerie Amina,Antsiranana,P002,Riz Tsipala 50kg,Riz,16,130000,0,2080000.0,320000.0
V2318,2026-05-25,C005,Quincaillerie Diego,Antsiranana,P003,Huile Ril 20L,Huile,10,98000,0,980000.0,130000.0
V2319,2026-05-25,C003,Hotel Constance Nosy Be,Nosy Be,P014,Tomate concentrée 1 carton,Conserve,7,30000,0,210000.0,35000.0
V2320,2026-05-25,C006,Alimentation Ambilobe,Ambilobe,P013,Boite Sardine 10pcs,Conserve,7,18000,0,126000.0,21000.0
V2321,2026-05-25,C001,Epicerie Amina,Antsiranana,P013,Boite Sardine 10pcs,Conserve,11,18000,0,198000.0,33000.0
V2322,2026-05-26,C005,Quincaillerie Diego,Antsiranana,P001,Riz Maka 25kg,Riz,9,65000,10,526500.0,31500.0
V2323,2026-05-26,C005,Quincaillerie Diego,Antsiranana,P002,Riz Tsipala 50kg,Riz,9,130000,0,1170000.0,180000.0
V2324,2026-05-26,C005,Quincaillerie Diego,Antsiranana,P004,Huile Hina 5L,Huile,5,33000,10,148500.0,8500.0
V2325,2026-05-26,C003,Hotel Constance Nosy Be,Nosy Be,P020,Tôles 3m galvanisées,Matériaux,2,32000,0,64000.0,14000.0
V2326,2026-05-27,C004,Epicerie Madiro,Ambanja,P013,Boite Sardine 10pcs,Conserve,7,18000,10,113400.0,8400.0
V2327,2026-05-27,C001,Epicerie Amina,Antsiranana,P016,Biscuit Gold 1 carton,Biscuit,3,22000,5,62700.0,8700.0
V2328,2026-05-27,C002,Score Jumbo,Antsiranana,P005,Sucre Blanc 1kg,Sucre,12,4000,0,48000.0,9600.0
V2329,2026-05-27,C005,Quincaillerie Diego,Antsiranana,P010,Lait Bonnet Rouge 450g,Lait,11,4500,0,49500.0,11000.0
V2330,2026-05-27,C003,Hotel Constance Nosy Be,Nosy Be,P012,Omo 1kg,Hygiène,1,10000,5,9500.0,1500.0
V2331,2026-05-27,C005,Quincaillerie Diego,Antsiranana,P005,Sucre Blanc 1kg,Sucre,2,4000,0,8000.0,1600.0
V2332,2026-05-28,C001,Epicerie Amina,Antsiranana,P019,Ciment Holcim 50kg,Matériaux,10,45000,0,450000.0,70000.0
V2333,2026-05-28,C005,Quincaillerie Diego,Antsiranana,P018,Coca 1 pack 33cl,Boisson,2,15000,0,30000.0,6000.0
V2334,2026-05-28,C002,Score Jumbo,Antsiranana,P012,Omo 1kg,Hygiène,4,10000,0,40000.0,8000.0
V2335,2026-05-28,C006,Alimentation Ambilobe,Ambilobe,P017,Eau Vive 1 pack 1.5L,Boisson,3,10000,0,30000.0,6000.0
V2336,2026-05-28,C002,Score Jumbo,Antsiranana,P008,Farine 1kg,Farine,10,2800,0,28000.0,6000.0
V2337,2026-05-28,C002,Score Jumbo,Antsiranana,P004,Huile Hina 5L,Huile,3,33000,10,89100.0,5100.0
V2338,2026-05-28,C005,Quincaillerie Diego,Antsiranana,P002,Riz Tsipala 50kg,Riz,40,130000,0,5200000.0,800000.0
V2339,2026-05-28,C006,Alimentation Ambilobe,Ambilobe,P018,Coca 1 pack 33cl,Boisson,2,15000,0,30000.0,6000.0
V2340,2026-05-29,C006,Alimentation Ambilobe,Ambilobe,P003,Huile Ril 20L,Huile,5,98000,0,490000.0,65000.0
V2341,2026-05-29,C002,Score Jumbo,Antsiranana,P019,Ciment Holcim 50kg,Matériaux,8,45000,0,360000.0,56000.0
V2342,2026-05-29,C003,Hotel Constance Nosy Be,Nosy Be,P005,Sucre Blanc 1kg,Sucre,11,4000,10,39600.0,4400.0
V2343,2026-05-29,C002,Score Jumbo,Antsiranana,P004,Huile Hina 5L,Huile,5,33000,5,156750.0,16750.0
V2344,2026-05-30,C001,Epicerie Amina,Antsiranana,P007,Farine 25kg,Farine,6,54000,0,324000.0,54000.0
V2345,2026-05-30,C004,Epicerie Madiro,Ambanja,P011,Savon Nosy 1 carton,Hygiène,10,50000,10,450000.0,30000.0
V2346,2026-05-30,C003,Hotel Constance Nosy Be,Nosy Be,P019,Ciment Holcim 50kg,Matériaux,3,45000,5,128250.0,14250.0
V2347,2026-05-31,C005,Quincaillerie Diego,Antsiranana,P012,Omo 1kg,Hygiène,13,10000,0,130000.0,26000.0
V2348,2026-05-31,C004,Epicerie Madiro,Ambanja,P006,Sucre Roux 1kg,Sucre,1,3800,0,3800.0,800.0
V2349,2026-06-01,C002,Score Jumbo,Antsiranana,P008,Farine 1kg,Farine,12,2800,10,30240.0,3840.0
V2350,2026-06-01,C006,Alimentation Ambilobe,Ambilobe,P014,Tomate concentrée 1 carton,Conserve,5,30000,0,150000.0,25000.0
V2351,2026-06-01,C002,Score Jumbo,Antsiranana,P011,Savon Nosy 1 carton,Hygiène,15,50000,0,750000.0,120000.0
V2352,2026-06-02,C004,Epicerie Madiro,Ambanja,P015,Pâtes Spaghetti 500g,Pâtes,6,3200,0,19200.0,4200.0
V2353,2026-06-02,C004,Epicerie Madiro,Ambanja,P018,Coca 1 pack 33cl,Boisson,2,15000,0,30000.0,6000.0
V2354,2026-06-02,C006,Alimentation Ambilobe,Ambilobe,P020,Tôles 3m galvanisées,Matériaux,2,32000,0,64000.0,14000.0
V2355,2026-06-02,C002,Score Jumbo,Antsiranana,P018,Coca 1 pack 33cl,Boisson,4,15000,0,60000.0,12000.0
V2356,2026-06-02,C006,Alimentation Ambilobe,Ambilobe,P003,Huile Ril 20L,Huile,12,98000,0,1176000.0,156000.0
V2357,2026-06-02,C001,Epicerie Amina,Antsiranana,P017,Eau Vive 1 pack 1.5L,Boisson,11,10000,0,110000.0,22000.0
V2358,2026-06-02,C005,Quincaillerie Diego,Antsiranana,P019,Ciment Holcim 50kg,Matériaux,7,45000,5,299250.0,33250.0
V2359,2026-06-02,C002,Score Jumbo,Antsiranana,P002,Riz Tsipala 50kg,Riz,40,130000,0,5200000.0,800000.0
V2360,2026-06-02,C005,Quincaillerie Diego,Antsiranana,P018,Coca 1 pack 33cl,Boisson,8,15000,10,108000.0,12000.0
V2361,2026-06-03,C002,Score Jumbo,Antsiranana,P012,Omo 1kg,Hygiène,7,10000,0,70000.0,14000.0
V2362,2026-06-03,C005,Quincaillerie Diego,Antsiranana,P010,Lait Bonnet Rouge 450g,Lait,3,4500,0,13500.0,3000.0
V2363,2026-06-03,C005,Quincaillerie Diego,Antsiranana,P017,Eau Vive 1 pack 1.5L,Boisson,2,10000,0,20000.0,4000.0
V2364,2026-06-03,C003,Hotel Constance Nosy Be,Nosy Be,P017,Eau Vive 1 pack 1.5L,Boisson,1,10000,10,9000.0,1000.0
V2365,2026-06-03,C002,Score Jumbo,Antsiranana,P020,Tôles 3m galvanisées,Matériaux,11,32000,0,352000.0,77000.0
V2366,2026-06-04,C005,Quincaillerie Diego,Antsiranana,P005,Sucre Blanc 1kg,Sucre,8,4000,0,32000.0,6400.0
V2367,2026-06-04,C002,Score Jumbo,Antsiranana,P019,Ciment Holcim 50kg,Matériaux,10,45000,10,405000.0,25000.0
V2368,2026-06-04,C002,Score Jumbo,Antsiranana,P016,Biscuit Gold 1 carton,Biscuit,6,22000,0,132000.0,24000.0
V2369,2026-06-04,C002,Score Jumbo,Antsiranana,P016,Biscuit Gold 1 carton,Biscuit,4,22000,0,88000.0,16000.0
V2370,2026-06-05,C003,Hotel Constance Nosy Be,Nosy Be,P012,Omo 1kg,Hygiène,4,10000,0,40000.0,8000.0
V2371,2026-06-05,C006,Alimentation Ambilobe,Ambilobe,P007,Farine 25kg,Farine,9,54000,0,486000.0,81000.0
V2372,2026-06-05,C004,Epicerie Madiro,Ambanja,P016,Biscuit Gold 1 carton,Biscuit,15,22000,0,330000.0,60000.0
V2373,2026-06-05,C001,Epicerie Amina,Antsiranana,P002,Riz Tsipala 50kg,Riz,25,130000,0,3250000.0,500000.0
V2374,2026-06-05,C006,Alimentation Ambilobe,Ambilobe,P017,Eau Vive 1 pack 1.5L,Boisson,11,10000,0,110000.0,22000.0
V2375,2026-06-05,C006,Alimentation Ambilobe,Ambilobe,P009,Lait Nido 2kg,Lait,10,78000,5,741000.0,91000.0
V2376,2026-06-05,C005,Quincaillerie Diego,Antsiranana,P006,Sucre Roux 1kg,Sucre,7,3800,10,23940.0,2940.0
V2377,2026-06-06,C004,Epicerie Madiro,Ambanja,P012,Omo 1kg,Hygiène,10,10000,10,90000.0,10000.0
V2378,2026-06-06,C001,Epicerie Amina,Antsiranana,P017,Eau Vive 1 pack 1.5L,Boisson,5,10000,0,50000.0,10000.0
V2379,2026-06-06,C002,Score Jumbo,Antsiranana,P017,Eau Vive 1 pack 1.5L,Boisson,7,10000,0,70000.0,14000.0
V2380,2026-06-06,C003,Hotel Constance Nosy Be,Nosy Be,P016,Biscuit Gold 1 carton,Biscuit,13,22000,0,286000.0,52000.0
V2381,2026-06-06,C005,Quincaillerie Diego,Antsiranana,P001,Riz Maka 25kg,Riz,37,65000,0,2405000.0,370000.0
V2382,2026-06-06,C004,Epicerie Madiro,Ambanja,P006,Sucre Roux 1kg,Sucre,4,3800,0,15200.0,3200.0
V2383,2026-06-06,C005,Quincaillerie Diego,Antsiranana,P009,Lait Nido 2kg,Lait,4,78000,0,312000.0,52000.0
V2384,2026-06-06,C002,Score Jumbo,Antsiranana,P006,Sucre Roux 1kg,Sucre,6,3800,5,21660.0,3660.0
V2385,2026-06-07,C006,Alimentation Ambilobe,Ambilobe,P004,Huile Hina 5L,Huile,11,33000,0,363000.0,55000.0
V2386,2026-06-07,C004,Epicerie Madiro,Ambanja,P011,Savon Nosy 1 carton,Hygiène,12,50000,0,600000.0,96000.0
V2387,2026-06-07,C004,Epicerie Madiro,Ambanja,P016,Biscuit Gold 1 carton,Biscuit,8,22000,0,176000.0,32000.0
V2388,2026-06-07,C005,Quincaillerie Diego,Antsiranana,P006,Sucre Roux 1kg,Sucre,11,3800,0,41800.0,8800.0
V2389,2026-06-08,C001,Epicerie Amina,Antsiranana,P008,Farine 1kg,Farine,1,2800,0,2800.0,600.0
V2390,2026-06-08,C005,Quincaillerie Diego,Antsiranana,P019,Ciment Holcim 50kg,Matériaux,3,45000,0,135000.0,21000.0
V2391,2026-06-08,C006,Alimentation Ambilobe,Ambilobe,P017,Eau Vive 1 pack 1.5L,Boisson,1,10000,5,9500.0,1500.0
V2392,2026-06-08,C002,Score Jumbo,Antsiranana,P002,Riz Tsipala 50kg,Riz,15,130000,0,1950000.0,300000.0
V2393,2026-06-09,C002,Score Jumbo,Antsiranana,P017,Eau Vive 1 pack 1.5L,Boisson,7,10000,5,66500.0,10500.0
V2394,2026-06-09,C005,Quincaillerie Diego,Antsiranana,P001,Riz Maka 25kg,Riz,23,65000,0,1495000.0,230000.0
V2395,2026-06-09,C002,Score Jumbo,Antsiranana,P015,Pâtes Spaghetti 500g,Pâtes,10,3200,0,32000.0,7000.0
V2396,2026-06-09,C004,Epicerie Madiro,Ambanja,P006,Sucre Roux 1kg,Sucre,4,3800,0,15200.0,3200.0
V2397,2026-06-09,C005,Quincaillerie Diego,Antsiranana,P005,Sucre Blanc 1kg,Sucre,13,4000,5,49400.0,7800.0
V2398,2026-06-09,C002,Score Jumbo,Antsiranana,P020,Tôles 3m galvanisées,Matériaux,11,32000,5,334400.0,59400.0
V2399,2026-06-09,C003,Hotel Constance Nosy Be,Nosy Be,P006,Sucre Roux 1kg,Sucre,12,3800,10,41040.0,5040.0
V2400,2026-06-09,C003,Hotel Constance Nosy Be,Nosy Be,P015,Pâtes Spaghetti 500g,Pâtes,10,3200,5,30400.0,5400.0
V2401,2026-06-10,C001,Epicerie Amina,Antsiranana,P008,Farine 1kg,Farine,7,2800,0,19600.0,4200.0
V2402,2026-06-10,C002,Score Jumbo,Antsiranana,P004,Huile Hina 5L,Huile,1,33000,0,33000.0,5000.0
V2403,2026-06-10,C005,Quincaillerie Diego,Antsiranana,P017,Eau Vive 1 pack 1.5L,Boisson,11,10000,0,110000.0,22000.0
V2404,2026-06-10,C002,Score Jumbo,Antsiranana,P020,Tôles 3m galvanisées,Matériaux,2,32000,0,64000.0,14000.0
V2405,2026-06-10,C004,Epicerie Madiro,Ambanja,P020,Tôles 3m galvanisées,Matériaux,10,32000,0,320000.0,70000.0
V2406,2026-06-11,C005,Quincaillerie Diego,Antsiranana,P017,Eau Vive 1 pack 1.5L,Boisson,13,10000,0,130000.0,26000.0
V2407,2026-06-11,C001,Epicerie Amina,Antsiranana,P016,Biscuit Gold 1 carton,Biscuit,11,22000,0,242000.0,44000.0
V2408,2026-06-11,C005,Quincaillerie Diego,Antsiranana,P018,Coca 1 pack 33cl,Boisson,14,15000,0,210000.0,42000.0
V2409,2026-06-11,C006,Alimentation Ambilobe,Ambilobe,P014,Tomate concentrée 1 carton,Conserve,9,30000,0,270000.0,45000.0
V2410,2026-06-11,C003,Hotel Constance Nosy Be,Nosy Be,P002,Riz Tsipala 50kg,Riz,38,130000,0,4940000.0,760000.0
V2411,2026-06-12,C002,Score Jumbo,Antsiranana,P016,Biscuit Gold 1 carton,Biscuit,13,22000,0,286000.0,52000.0
V2412,2026-06-12,C003,Hotel Constance Nosy Be,Nosy Be,P019,Ciment Holcim 50kg,Matériaux,13,45000,10,526500.0,32500.0
V2413,2026-06-12,C006,Alimentation Ambilobe,Ambilobe,P019,Ciment Holcim 50kg,Matériaux,2,45000,0,90000.0,14000.0
V2414,2026-06-12,C002,Score Jumbo,Antsiranana,P009,Lait Nido 2kg,Lait,8,78000,0,624000.0,104000.0
V2415,2026-06-12,C001,Epicerie Amina,Antsiranana,P010,Lait Bonnet Rouge 450g,Lait,10,4500,5,42750.0,7750.0
V2416,2026-06-12,C004,Epicerie Madiro,Ambanja,P009,Lait Nido 2kg,Lait,4,78000,0,312000.0,52000.0
V2417,2026-06-13,C006,Alimentation Ambilobe,Ambilobe,P001,Riz Maka 25kg,Riz,38,65000,0,2470000.0,380000.0
V2418,2026-06-13,C005,Quincaillerie Diego,Antsiranana,P001,Riz Maka 25kg,Riz,29,65000,10,1696500.0,101500.0
V2419,2026-06-13,C002,Score Jumbo,Antsiranana,P011,Savon Nosy 1 carton,Hygiène,7,50000,0,350000.0,56000.0
V2420,2026-06-13,C001,Epicerie Amina,Antsiranana,P005,Sucre Blanc 1kg,Sucre,7,4000,10,25200.0,2800.0
V2421,2026-06-13,C005,Quincaillerie Diego,Antsiranana,P009,Lait Nido 2kg,Lait,5,78000,5,370500.0,45500.0
V2422,2026-06-13,C004,Epicerie Madiro,Ambanja,P019,Ciment Holcim 50kg,Matériaux,6,45000,5,256500.0,28500.0
V2423,2026-06-13,C003,Hotel Constance Nosy Be,Nosy Be,P013,Boite Sardine 10pcs,Conserve,13,18000,0,234000.0,39000.0
V2424,2026-06-14,C004,Epicerie Madiro,Ambanja,P018,Coca 1 pack 33cl,Boisson,13,15000,5,185250.0,29250.0
V2425,2026-06-14,C004,Epicerie Madiro,Ambanja,P006,Sucre Roux 1kg,Sucre,6,3800,5,21660.0,3660.0
V2426,2026-06-15,C005,Quincaillerie Diego,Antsiranana,P016,Biscuit Gold 1 carton,Biscuit,5,22000,0,110000.0,20000.0
V2427,2026-06-16,C005,Quincaillerie Diego,Antsiranana,P012,Omo 1kg,Hygiène,13,10000,10,117000.0,13000.0
V2428,2026-06-16,C004,Epicerie Madiro,Ambanja,P005,Sucre Blanc 1kg,Sucre,14,4000,10,50400.0,5600.0
V2429,2026-06-16,C001,Epicerie Amina,Antsiranana,P008,Farine 1kg,Farine,8,2800,10,20160.0,2560.0
V2430,2026-06-16,C002,Score Jumbo,Antsiranana,P004,Huile Hina 5L,Huile,4,33000,5,125400.0,13400.0
V2431,2026-06-16,C004,Epicerie Madiro,Ambanja,P011,Savon Nosy 1 carton,Hygiène,13,50000,5,617500.0,71500.0
V2432,2026-06-16,C005,Quincaillerie Diego,Antsiranana,P002,Riz Tsipala 50kg,Riz,15,130000,0,1950000.0,300000.0
V2433,2026-06-16,C006,Alimentation Ambilobe,Ambilobe,P001,Riz Maka 25kg,Riz,10,65000,0,650000.0,100000.0
V2434,2026-06-17,C004,Epicerie Madiro,Ambanja,P020,Tôles 3m galvanisées,Matériaux,7,32000,0,224000.0,49000.0
V2435,2026-06-17,C001,Epicerie Amina,Antsiranana,P009,Lait Nido 2kg,Lait,4,78000,0,312000.0,52000.0
V2436,2026-06-17,C001,Epicerie Amina,Antsiranana,P020,Tôles 3m galvanisées,Matériaux,1,32000,10,28800.0,3800.0
V2437,2026-06-17,C004,Epicerie Madiro,Ambanja,P013,Boite Sardine 10pcs,Conserve,10,18000,10,162000.0,12000.0
V2438,2026-06-17,C005,Quincaillerie Diego,Antsiranana,P010,Lait Bonnet Rouge 450g,Lait,12,4500,5,51300.0,9300.0
V2439,2026-06-18,C001,Epicerie Amina,Antsiranana,P006,Sucre Roux 1kg,Sucre,11,3800,0,41800.0,8800.0
V2440,2026-06-18,C004,Epicerie Madiro,Ambanja,P001,Riz Maka 25kg,Riz,17,65000,10,994500.0,59500.0
V2441,2026-06-18,C005,Quincaillerie Diego,Antsiranana,P010,Lait Bonnet Rouge 450g,Lait,4,4500,0,18000.0,4000.0
V2442,2026-06-18,C005,Quincaillerie Diego,Antsiranana,P017,Eau Vive 1 pack 1.5L,Boisson,9,10000,10,81000.0,9000.0
V2443,2026-06-19,C002,Score Jumbo,Antsiranana,P020,Tôles 3m galvanisées,Matériaux,3,32000,10,86400.0,11400.0
V2444,2026-06-19,C001,Epicerie Amina,Antsiranana,P012,Omo 1kg,Hygiène,4,10000,10,36000.0,4000.0
V2445,2026-06-19,C001,Epicerie Amina,Antsiranana,P006,Sucre Roux 1kg,Sucre,2,3800,0,7600.0,1600.0
V2446,2026-06-19,C004,Epicerie Madiro,Ambanja,P012,Omo 1kg,Hygiène,11,10000,0,110000.0,22000.0
V2447,2026-06-20,C004,Epicerie Madiro,Ambanja,P019,Ciment Holcim 50kg,Matériaux,4,45000,5,171000.0,19000.0
V2448,2026-06-20,C001,Epicerie Amina,Antsiranana,P003,Huile Ril 20L,Huile,15,98000,0,1470000.0,195000.0
V2449,2026-06-20,C005,Quincaillerie Diego,Antsiranana,P010,Lait Bonnet Rouge 450g,Lait,12,4500,5,51300.0,9300.0
V2450,2026-06-21,C005,Quincaillerie Diego,Antsiranana,P012,Omo 1kg,Hygiène,6,10000,0,60000.0,12000.0
V2451,2026-06-21,C002,Score Jumbo,Antsiranana,P020,Tôles 3m galvanisées,Matériaux,4,32000,0,128000.0,28000.0
V2452,2026-06-21,C004,Epicerie Madiro,Ambanja,P019,Ciment Holcim 50kg,Matériaux,1,45000,0,45000.0,7000.0
V2453,2026-06-21,C002,Score Jumbo,Antsiranana,P014,Tomate concentrée 1 carton,Conserve,9,30000,0,270000.0,45000.0
V2454,2026-06-21,C005,Quincaillerie Diego,Antsiranana,P003,Huile Ril 20L,Huile,9,98000,0,882000.0,117000.0
V2455,2026-06-21,C003,Hotel Constance Nosy Be,Nosy Be,P004,Huile Hina 5L,Huile,13,33000,5,407550.0,43550.0
V2456,2026-06-21,C003,Hotel Constance Nosy Be,Nosy Be,P018,Coca 1 pack 33cl,Boisson,14,15000,5,199500.0,31500.0
V2457,2026-06-21,C003,Hotel Constance Nosy Be,Nosy Be,P015,Pâtes Spaghetti 500g,Pâtes,7,3200,5,21280.0,3780.0
V2458,2026-06-22,C004,Epicerie Madiro,Ambanja,P008,Farine 1kg,Farine,13,2800,0,36400.0,7800.0
V2459,2026-06-22,C004,Epicerie Madiro,Ambanja,P015,Pâtes Spaghetti 500g,Pâtes,15,3200,5,45600.0,8100.0
V2460,2026-06-22,C001,Epicerie Amina,Antsiranana,P016,Biscuit Gold 1 carton,Biscuit,2,22000,0,44000.0,8000.0
V2461,2026-06-22,C001,Epicerie Amina,Antsiranana,P013,Boite Sardine 10pcs,Conserve,11,18000,0,198000.0,33000.0
V2462,2026-06-22,C006,Alimentation Ambilobe,Ambilobe,P008,Farine 1kg,Farine,13,2800,0,36400.0,7800.0
V2463,2026-06-22,C004,Epicerie Madiro,Ambanja,P012,Omo 1kg,Hygiène,9,10000,5,85500.0,13500.0
V2464,2026-06-22,C001,Epicerie Amina,Antsiranana,P009,Lait Nido 2kg,Lait,4,78000,0,312000.0,52000.0
V2465,2026-06-23,C001,Epicerie Amina,Antsiranana,P013,Boite Sardine 10pcs,Conserve,11,18000,10,178200.0,13200.0
V2466,2026-06-24,C003,Hotel Constance Nosy Be,Nosy Be,P003,Huile Ril 20L,Huile,9,98000,0,882000.0,117000.0
V2467,2026-06-24,C004,Epicerie Madiro,Ambanja,P011,Savon Nosy 1 carton,Hygiène,6,50000,0,300000.0,48000.0
V2468,2026-06-25,C005,Quincaillerie Diego,Antsiranana,P009,Lait Nido 2kg,Lait,3,78000,10,210600.0,15600.0
V2469,2026-06-25,C006,Alimentation Ambilobe,Ambilobe,P007,Farine 25kg,Farine,8,54000,10,388800.0,28800.0
V2470,2026-06-25,C002,Score Jumbo,Antsiranana,P008,Farine 1kg,Farine,12,2800,0,33600.0,7200.0
V2471,2026-06-25,C003,Hotel Constance Nosy Be,Nosy Be,P007,Farine 25kg,Farine,4,54000,0,216000.0,36000.0
V2472,2026-06-26,C002,Score Jumbo,Antsiranana,P020,Tôles 3m galvanisées,Matériaux,6,32000,0,192000.0,42000.0
V2473,2026-06-26,C001,Epicerie Amina,Antsiranana,P004,Huile Hina 5L,Huile,15,33000,0,495000.0,75000.0
V2474,2026-06-26,C006,Alimentation Ambilobe,Ambilobe,P016,Biscuit Gold 1 carton,Biscuit,10,22000,0,220000.0,40000.0
V2475,2026-06-26,C005,Quincaillerie Diego,Antsiranana,P002,Riz Tsipala 50kg,Riz,35,130000,0,4550000.0,700000.0
V2476,2026-06-26,C005,Quincaillerie Diego,Antsiranana,P011,Savon Nosy 1 carton,Hygiène,8,50000,5,380000.0,44000.0
V2477,2026-06-26,C003,Hotel Constance Nosy Be,Nosy Be,P016,Biscuit Gold 1 carton,Biscuit,3,22000,5,62700.0,8700.0
V2478,2026-06-27,C003,Hotel Constance Nosy Be,Nosy Be,P013,Boite Sardine 10pcs,Conserve,4,18000,5,68400.0,8400.0
V2479,2026-06-27,C002,Score Jumbo,Antsiranana,P002,Riz Tsipala 50kg,Riz,38,130000,0,4940000.0,760000.0
V2480,2026-06-27,C004,Epicerie Madiro,Ambanja,P018,Coca 1 pack 33cl,Boisson,1,15000,5,14250.0,2250.0
V2481,2026-06-27,C003,Hotel Constance Nosy Be,Nosy Be,P013,Boite Sardine 10pcs,Conserve,14,18000,10,226800.0,16800.0
V2482,2026-06-28,C002,Score Jumbo,Antsiranana,P015,Pâtes Spaghetti 500g,Pâtes,2,3200,10,5760.0,760.0
V2483,2026-06-28,C005,Quincaillerie Diego,Antsiranana,P015,Pâtes Spaghetti 500g,Pâtes,6,3200,10,17280.0,2280.0
V2484,2026-06-28,C001,Epicerie Amina,Antsiranana,P001,Riz Maka 25kg,Riz,18,65000,0,1170000.0,180000.0
V2485,2026-06-28,C005,Quincaillerie Diego,Antsiranana,P004,Huile Hina 5L,Huile,6,33000,0,198000.0,30000.0
V2486,2026-06-28,C005,Quincaillerie Diego,Antsiranana,P009,Lait Nido 2kg,Lait,3,78000,5,222300.0,27300.0
V2487,2026-06-28,C003,Hotel Constance Nosy Be,Nosy Be,P008,Farine 1kg,Farine,5,2800,0,14000.0,3000.0
V2488,2026-06-29,C005,Quincaillerie Diego,Antsiranana,P011,Savon Nosy 1 carton,Hygiène,6,50000,0,300000.0,48000.0
V2489,2026-06-29,C004,Epicerie Madiro,Ambanja,P014,Tomate concentrée 1 carton,Conserve,4,30000,0,120000.0,20000.0
V2490,2026-06-29,C006,Alimentation Ambilobe,Ambilobe,P012,Omo 1kg,Hygiène,6,10000,0,60000.0,12000.0
V2491,2026-06-29,C003,Hotel Constance Nosy Be,Nosy Be,P015,Pâtes Spaghetti 500g,Pâtes,3,3200,5,9120.0,1620.0
V2492,2026-06-29,C002,Score Jumbo,Antsiranana,P019,Ciment Holcim 50kg,Matériaux,11,45000,0,495000.0,77000.0
V2493,2026-06-29,C001,Epicerie Amina,Antsiranana,P009,Lait Nido 2kg,Lait,13,78000,0,1014000.0,169000.0
V2494,2026-06-29,C005,Quincaillerie Diego,Antsiranana,P014,Tomate concentrée 1 carton,Conserve,14,30000,0,420000.0,70000.0
V2495,2026-06-29,C002,Score Jumbo,Antsiranana,P005,Sucre Blanc 1kg,Sucre,13,4000,10,46800.0,5200.0
V2496,2026-06-30,C002,Score Jumbo,Antsiranana,P016,Biscuit Gold 1 carton,Biscuit,13,22000,0,286000.0,52000.0
V2497,2026-06-30,C002,Score Jumbo,Antsiranana,P014,Tomate concentrée 1 carton,Conserve,8,30000,0,240000.0,40000.0
V2498,2026-06-30,C006,Alimentation Ambilobe,Ambilobe,P017,Eau Vive 1 pack 1.5L,Boisson,9,10000,10,81000.0,9000.0
V2499,2026-06-30,C003,Hotel Constance Nosy Be,Nosy Be,P016,Biscuit Gold 1 carton,Biscuit,5,22000,0,110000.0,20000.0
V2500,2026-06-30,C005,Quincaillerie Diego,Antsiranana,P019,Ciment Holcim 50kg,Matériaux,1,45000,0,45000.0,7000.0
V2501,2026-06-30,C001,Epicerie Amina,Antsiranana,P006,Sucre Roux 1kg,Sucre,1,3800,0,3800.0,800.0
V2502,2026-06-30,C003,Hotel Constance Nosy Be,Nosy Be,P016,Biscuit Gold 1 carton,Biscuit,14,22000,10,277200.0,25200.0
V2503,2026-07-01,C001,Epicerie Amina,Antsiranana,P015,Pâtes Spaghetti 500g,Pâtes,12,3200,0,38400.0,8400.0
V2504,2026-07-01,C003,Hotel Constance Nosy Be,Nosy Be,P012,Omo 1kg,Hygiène,6,10000,5,57000.0,9000.0
V2505,2026-07-01,C005,Quincaillerie Diego,Antsiranana,P009,Lait Nido 2kg,Lait,6,78000,0,468000.0,78000.0
V2506,2026-07-01,C004,Epicerie Madiro,Ambanja,P004,Huile Hina 5L,Huile,6,33000,10,178200.0,10200.0
V2507,2026-07-01,C005,Quincaillerie Diego,Antsiranana,P007,Farine 25kg,Farine,10,54000,5,513000.0,63000.0
V2508,2026-07-01,C006,Alimentation Ambilobe,Ambilobe,P018,Coca 1 pack 33cl,Boisson,3,15000,0,45000.0,9000.0
V2509,2026-07-02,C003,Hotel Constance Nosy Be,Nosy Be,P011,Savon Nosy 1 carton,Hygiène,11,50000,5,522500.0,60500.0
V2510,2026-07-02,C004,Epicerie Madiro,Ambanja,P015,Pâtes Spaghetti 500g,Pâtes,15,3200,0,48000.0,10500.0
V2511,2026-07-02,C004,Epicerie Madiro,Ambanja,P020,Tôles 3m galvanisées,Matériaux,5,32000,0,160000.0,35000.0
V2512,2026-07-03,C006,Alimentation Ambilobe,Ambilobe,P005,Sucre Blanc 1kg,Sucre,14,4000,0,56000.0,11200.0
V2513,2026-07-03,C006,Alimentation Ambilobe,Ambilobe,P011,Savon Nosy 1 carton,Hygiène,7,50000,10,315000.0,21000.0
V2514,2026-07-03,C005,Quincaillerie Diego,Antsiranana,P019,Ciment Holcim 50kg,Matériaux,7,45000,0,315000.0,49000.0
V2515,2026-07-03,C001,Epicerie Amina,Antsiranana,P006,Sucre Roux 1kg,Sucre,6,3800,0,22800.0,4800.0
V2516,2026-07-03,C003,Hotel Constance Nosy Be,Nosy Be,P011,Savon Nosy 1 carton,Hygiène,11,50000,0,550000.0,88000.0
V2517,2026-07-03,C006,Alimentation Ambilobe,Ambilobe,P009,Lait Nido 2kg,Lait,10,78000,10,702000.0,52000.0
V2518,2026-07-03,C004,Epicerie Madiro,Ambanja,P009,Lait Nido 2kg,Lait,15,78000,0,1170000.0,195000.0
V2519,2026-07-03,C003,Hotel Constance Nosy Be,Nosy Be,P019,Ciment Holcim 50kg,Matériaux,9,45000,0,405000.0,63000.0
V2520,2026-07-03,C004,Epicerie Madiro,Ambanja,P006,Sucre Roux 1kg,Sucre,3,3800,0,11400.0,2400.0
V2521,2026-07-04,C002,Score Jumbo,Antsiranana,P008,Farine 1kg,Farine,11,2800,0,30800.0,6600.0
V2522,2026-07-04,C006,Alimentation Ambilobe,Ambilobe,P003,Huile Ril 20L,Huile,4,98000,0,392000.0,52000.0
V2523,2026-07-04,C004,Epicerie Madiro,Ambanja,P004,Huile Hina 5L,Huile,2,33000,0,66000.0,10000.0
V2524,2026-07-04,C004,Epicerie Madiro,Ambanja,P018,Coca 1 pack 33cl,Boisson,1,15000,0,15000.0,3000.0
V2525,2026-07-05,C004,Epicerie Madiro,Ambanja,P017,Eau Vive 1 pack 1.5L,Boisson,13,10000,0,130000.0,26000.0
V2526,2026-07-05,C001,Epicerie Amina,Antsiranana,P009,Lait Nido 2kg,Lait,10,78000,0,780000.0,130000.0
V2527,2026-07-05,C001,Epicerie Amina,Antsiranana,P013,Boite Sardine 10pcs,Conserve,5,18000,0,90000.0,15000.0
V2528,2026-07-05,C002,Score Jumbo,Antsiranana,P010,Lait Bonnet Rouge 450g,Lait,8,4500,10,32400.0,4400.0
V2529,2026-07-05,C002,Score Jumbo,Antsiranana,P005,Sucre Blanc 1kg,Sucre,9,4000,0,36000.0,7200.0
V2530,2026-07-05,C001,Epicerie Amina,Antsiranana,P002,Riz Tsipala 50kg,Riz,27,130000,0,3510000.0,540000.0
V2531,2026-07-05,C004,Epicerie Madiro,Ambanja,P015,Pâtes Spaghetti 500g,Pâtes,14,3200,5,42560.0,7560.0
V2532,2026-07-05,C003,Hotel Constance Nosy Be,Nosy Be,P018,Coca 1 pack 33cl,Boisson,8,15000,0,120000.0,24000.0
V2533,2026-07-05,C006,Alimentation Ambilobe,Ambilobe,P018,Coca 1 pack 33cl,Boisson,3,15000,5,42750.0,6750.0
V2534,2026-07-05,C005,Quincaillerie Diego,Antsiranana,P015,Pâtes Spaghetti 500g,Pâtes,11,3200,10,31680.0,4180.0
V2535,2026-07-06,C006,Alimentation Ambilobe,Ambilobe,P019,Ciment Holcim 50kg,Matériaux,7,45000,5,299250.0,33250.0
V2536,2026-07-06,C006,Alimentation Ambilobe,Ambilobe,P018,Coca 1 pack 33cl,Boisson,5,15000,0,75000.0,15000.0
V2537,2026-07-06,C004,Epicerie Madiro,Ambanja,P018,Coca 1 pack 33cl,Boisson,4,15000,0,60000.0,12000.0
V2538,2026-07-06,C004,Epicerie Madiro,Ambanja,P010,Lait Bonnet Rouge 450g,Lait,6,4500,0,27000.0,6000.0
V2539,2026-07-06,C003,Hotel Constance Nosy Be,Nosy Be,P005,Sucre Blanc 1kg,Sucre,5,4000,0,20000.0,4000.0
V2540,2026-07-06,C001,Epicerie Amina,Antsiranana,P017,Eau Vive 1 pack 1.5L,Boisson,14,10000,0,140000.0,28000.0
V2541,2026-07-06,C003,Hotel Constance Nosy Be,Nosy Be,P010,Lait Bonnet Rouge 450g,Lait,8,4500,5,34200.0,6200.0
V2542,2026-07-06,C001,Epicerie Amina,Antsiranana,P016,Biscuit Gold 1 carton,Biscuit,13,22000,0,286000.0,52000.0
V2543,2026-07-06,C003,Hotel Constance Nosy Be,Nosy Be,P001,Riz Maka 25kg,Riz,32,65000,0,2080000.0,320000.0
V2544,2026-07-06,C005,Quincaillerie Diego,Antsiranana,P008,Farine 1kg,Farine,13,2800,0,36400.0,7800.0
V2545,2026-07-07,C005,Quincaillerie Diego,Antsiranana,P012,Omo 1kg,Hygiène,4,10000,0,40000.0,8000.0
V2546,2026-07-07,C005,Quincaillerie Diego,Antsiranana,P014,Tomate concentrée 1 carton,Conserve,7,30000,0,210000.0,35000.0
V2547,2026-07-07,C002,Score Jumbo,Antsiranana,P013,Boite Sardine 10pcs,Conserve,14,18000,0,252000.0,42000.0
V2548,2026-07-07,C002,Score Jumbo,Antsiranana,P009,Lait Nido 2kg,Lait,2,78000,0,156000.0,26000.0
V2549,2026-07-07,C006,Alimentation Ambilobe,Ambilobe,P008,Farine 1kg,Farine,9,2800,5,23940.0,4140.0
V2550,2026-07-07,C006,Alimentation Ambilobe,Ambilobe,P009,Lait Nido 2kg,Lait,5,78000,10,351000.0,26000.0
V2551,2026-07-07,C006,Alimentation Ambilobe,Ambilobe,P018,Coca 1 pack 33cl,Boisson,13,15000,0,195000.0,39000.0
V2552,2026-07-07,C004,Epicerie Madiro,Ambanja,P007,Farine 25kg,Farine,14,54000,0,756000.0,126000.0
V2553,2026-07-07,C002,Score Jumbo,Antsiranana,P005,Sucre Blanc 1kg,Sucre,5,4000,0,20000.0,4000.0
V2554,2026-07-08,C006,Alimentation Ambilobe,Ambilobe,P015,Pâtes Spaghetti 500g,Pâtes,10,3200,0,32000.0,7000.0
V2555,2026-07-08,C003,Hotel Constance Nosy Be,Nosy Be,P020,Tôles 3m galvanisées,Matériaux,8,32000,0,256000.0,56000.0
V2556,2026-07-08,C003,Hotel Constance Nosy Be,Nosy Be,P001,Riz Maka 25kg,Riz,14,65000,0,910000.0,140000.0
V2557,2026-07-08,C005,Quincaillerie Diego,Antsiranana,P001,Riz Maka 25kg,Riz,16,65000,0,1040000.0,160000.0
V2558,2026-07-08,C003,Hotel Constance Nosy Be,Nosy Be,P009,Lait Nido 2kg,Lait,3,78000,10,210600.0,15600.0
V2559,2026-07-08,C004,Epicerie Madiro,Ambanja,P001,Riz Maka 25kg,Riz,19,65000,0,1235000.0,190000.0
V2560,2026-07-08,C002,Score Jumbo,Antsiranana,P001,Riz Maka 25kg,Riz,36,65000,0,2340000.0,360000.0
V2561,2026-07-08,C003,Hotel Constance Nosy Be,Nosy Be,P014,Tomate concentrée 1 carton,Conserve,5,30000,0,150000.0,25000.0
V2562,2026-07-08,C003,Hotel Constance Nosy Be,Nosy Be,P015,Pâtes Spaghetti 500g,Pâtes,12,3200,0,38400.0,8400.0
V2563,2026-07-08,C003,Hotel Constance Nosy Be,Nosy Be,P003,Huile Ril 20L,Huile,14,98000,0,1372000.0,182000.0
V2564,2026-07-08,C001,Epicerie Amina,Antsiranana,P009,Lait Nido 2kg,Lait,13,78000,0,1014000.0,169000.0
V2565,2026-07-08,C001,Epicerie Amina,Antsiranana,P018,Coca 1 pack 33cl,Boisson,8,15000,0,120000.0,24000.0
V2566,2026-07-08,C002,Score Jumbo,Antsiranana,P009,Lait Nido 2kg,Lait,14,78000,0,1092000.0,182000.0
V2567,2026-07-08,C001,Epicerie Amina,Antsiranana,P004,Huile Hina 5L,Huile,13,33000,10,386100.0,22100.0
V2568,2026-07-08,C002,Score Jumbo,Antsiranana,P013,Boite Sardine 10pcs,Conserve,13,18000,0,234000.0,39000.0
V2569,2026-07-09,C002,Score Jumbo,Antsiranana,P002,Riz Tsipala 50kg,Riz,17,130000,0,2210000.0,340000.0
V2570,2026-07-09,C006,Alimentation Ambilobe,Ambilobe,P004,Huile Hina 5L,Huile,9,33000,10,267300.0,15300.0
V2571,2026-07-09,C002,Score Jumbo,Antsiranana,P016,Biscuit Gold 1 carton,Biscuit,7,22000,10,138600.0,12600.0
V2572,2026-07-09,C003,Hotel Constance Nosy Be,Nosy Be,P011,Savon Nosy 1 carton,Hygiène,3,50000,10,135000.0,9000.0
V2573,2026-07-09,C006,Alimentation Ambilobe,Ambilobe,P002,Riz Tsipala 50kg,Riz,40,130000,5,4940000.0,540000.0
V2574,2026-07-09,C001,Epicerie Amina,Antsiranana,P009,Lait Nido 2kg,Lait,8,78000,10,561600.0,41600.0
V2575,2026-07-09,C003,Hotel Constance Nosy Be,Nosy Be,P007,Farine 25kg,Farine,6,54000,0,324000.0,54000.0
V2576,2026-07-10,C006,Alimentation Ambilobe,Ambilobe,P007,Farine 25kg,Farine,2,54000,0,108000.0,18000.0
V2577,2026-07-10,C006,Alimentation Ambilobe,Ambilobe,P014,Tomate concentrée 1 carton,Conserve,6,30000,0,180000.0,30000.0
V2578,2026-07-10,C002,Score Jumbo,Antsiranana,P009,Lait Nido 2kg,Lait,10,78000,0,780000.0,130000.0
V2579,2026-07-10,C004,Epicerie Madiro,Ambanja,P008,Farine 1kg,Farine,1,2800,0,2800.0,600.0
V2580,2026-07-10,C005,Quincaillerie Diego,Antsiranana,P016,Biscuit Gold 1 carton,Biscuit,12,22000,5,250800.0,34800.0
V2581,2026-07-10,C002,Score Jumbo,Antsiranana,P012,Omo 1kg,Hygiène,13,10000,0,130000.0,26000.0
V2582,2026-07-10,C002,Score Jumbo,Antsiranana,P006,Sucre Roux 1kg,Sucre,8,3800,0,30400.0,6400.0
V2583,2026-07-10,C006,Alimentation Ambilobe,Ambilobe,P020,Tôles 3m galvanisées,Matériaux,6,32000,10,172800.0,22800.0
V2584,2026-07-10,C001,Epicerie Amina,Antsiranana,P002,Riz Tsipala 50kg,Riz,27,130000,10,3159000.0,189000.0
V2585,2026-07-10,C002,Score Jumbo,Antsiranana,P018,Coca 1 pack 33cl,Boisson,13,15000,0,195000.0,39000.0
V2586,2026-07-10,C002,Score Jumbo,Antsiranana,P016,Biscuit Gold 1 carton,Biscuit,4,22000,0,88000.0,16000.0
V2587,2026-07-10,C005,Quincaillerie Diego,Antsiranana,P012,Omo 1kg,Hygiène,13,10000,0,130000.0,26000.0
V2588,2026-07-10,C006,Alimentation Ambilobe,Ambilobe,P007,Farine 25kg,Farine,1,54000,10,48600.0,3600.0
V2589,2026-07-11,C004,Epicerie Madiro,Ambanja,P012,Omo 1kg,Hygiène,12,10000,0,120000.0,24000.0
V2590,2026-07-11,C003,Hotel Constance Nosy Be,Nosy Be,P002,Riz Tsipala 50kg,Riz,36,130000,10,4212000.0,252000.0
V2591,2026-07-11,C004,Epicerie Madiro,Ambanja,P018,Coca 1 pack 33cl,Boisson,5,15000,5,71250.0,11250.0
V2592,2026-07-11,C006,Alimentation Ambilobe,Ambilobe,P016,Biscuit Gold 1 carton,Biscuit,4,22000,5,83600.0,11600.0
V2593,2026-07-11,C002,Score Jumbo,Antsiranana,P018,Coca 1 pack 33cl,Boisson,6,15000,0,90000.0,18000.0
V2594,2026-07-12,C006,Alimentation Ambilobe,Ambilobe,P015,Pâtes Spaghetti 500g,Pâtes,5,3200,5,15200.0,2700.0
V2595,2026-07-12,C005,Quincaillerie Diego,Antsiranana,P006,Sucre Roux 1kg,Sucre,2,3800,5,7220.0,1220.0
V2596,2026-07-12,C002,Score Jumbo,Antsiranana,P015,Pâtes Spaghetti 500g,Pâtes,5,3200,0,16000.0,3500.0
V2597,2026-07-12,C005,Quincaillerie Diego,Antsiranana,P012,Omo 1kg,Hygiène,8,10000,0,80000.0,16000.0
V2598,2026-07-12,C006,Alimentation Ambilobe,Ambilobe,P017,Eau Vive 1 pack 1.5L,Boisson,7,10000,10,63000.0,7000.0
V2599,2026-07-12,C002,Score Jumbo,Antsiranana,P001,Riz Maka 25kg,Riz,28,65000,5,1729000.0,189000.0
V2600,2026-07-12,C002,Score Jumbo,Antsiranana,P011,Savon Nosy 1 carton,Hygiène,12,50000,0,600000.0,96000.0
V2601,2026-07-12,C006,Alimentation Ambilobe,Ambilobe,P018,Coca 1 pack 33cl,Boisson,14,15000,0,210000.0,42000.0
V2602,2026-07-12,C002,Score Jumbo,Antsiranana,P017,Eau Vive 1 pack 1.5L,Boisson,11,10000,0,110000.0,22000.0
V2603,2026-07-12,C005,Quincaillerie Diego,Antsiranana,P005,Sucre Blanc 1kg,Sucre,10,4000,0,40000.0,8000.0
V2604,2026-07-13,C003,Hotel Constance Nosy Be,Nosy Be,P014,Tomate concentrée 1 carton,Conserve,11,30000,0,330000.0,55000.0
V2605,2026-07-13,C001,Epicerie Amina,Antsiranana,P004,Huile Hina 5L,Huile,9,33000,10,267300.0,15300.0
V2606,2026-07-13,C001,Epicerie Amina,Antsiranana,P002,Riz Tsipala 50kg,Riz,13,130000,0,1690000.0,260000.0
V2607,2026-07-13,C001,Epicerie Amina,Antsiranana,P007,Farine 25kg,Farine,2,54000,0,108000.0,18000.0
V2608,2026-07-13,C002,Score Jumbo,Antsiranana,P004,Huile Hina 5L,Huile,1,33000,5,31350.0,3350.0
V2609,2026-07-13,C006,Alimentation Ambilobe,Ambilobe,P013,Boite Sardine 10pcs,Conserve,11,18000,0,198000.0,33000.0
V2610,2026-07-13,C005,Quincaillerie Diego,Antsiranana,P020,Tôles 3m galvanisées,Matériaux,12,32000,5,364800.0,64800.0
V2611,2026-07-14,C003,Hotel Constance Nosy Be,Nosy Be,P002,Riz Tsipala 50kg,Riz,28,130000,0,3640000.0,560000.0
V2612,2026-07-14,C005,Quincaillerie Diego,Antsiranana,P003,Huile Ril 20L,Huile,1,98000,0,98000.0,13000.0
V2613,2026-07-14,C006,Alimentation Ambilobe,Ambilobe,P016,Biscuit Gold 1 carton,Biscuit,15,22000,0,330000.0,60000.0
V2614,2026-07-14,C004,Epicerie Madiro,Ambanja,P002,Riz Tsipala 50kg,Riz,28,130000,5,3458000.0,378000.0
V2615,2026-07-14,C006,Alimentation Ambilobe,Ambilobe,P014,Tomate concentrée 1 carton,Conserve,14,30000,0,420000.0,70000.0
V2616,2026-07-14,C006,Alimentation Ambilobe,Ambilobe,P002,Riz Tsipala 50kg,Riz,22,130000,5,2717000.0,297000.0
V2617,2026-07-14,C001,Epicerie Amina,Antsiranana,P003,Huile Ril 20L,Huile,14,98000,0,1372000.0,182000.0
V2618,2026-07-14,C001,Epicerie Amina,Antsiranana,P007,Farine 25kg,Farine,9,54000,0,486000.0,81000.0
V2619,2026-07-14,C001,Epicerie Amina,Antsiranana,P008,Farine 1kg,Farine,9,2800,0,25200.0,5400.0
V2620,2026-07-14,C002,Score Jumbo,Antsiranana,P007,Farine 25kg,Farine,9,54000,10,437400.0,32400.0
V2621,2026-07-14,C002,Score Jumbo,Antsiranana,P019,Ciment Holcim 50kg,Matériaux,11,45000,0,495000.0,77000.0
V2622,2026-07-15,C005,Quincaillerie Diego,Antsiranana,P018,Coca 1 pack 33cl,Boisson,7,15000,10,94500.0,10500.0
V2623,2026-07-15,C001,Epicerie Amina,Antsiranana,P019,Ciment Holcim 50kg,Matériaux,6,45000,10,243000.0,15000.0
V2624,2026-07-15,C004,Epicerie Madiro,Ambanja,P014,Tomate concentrée 1 carton,Conserve,15,30000,0,450000.0,75000.0
V2625,2026-07-15,C002,Score Jumbo,Antsiranana,P006,Sucre Roux 1kg,Sucre,9,3800,0,34200.0,7200.0
V2626,2026-07-15,C005,Quincaillerie Diego,Antsiranana,P011,Savon Nosy 1 carton,Hygiène,11,50000,0,550000.0,88000.0
V2627,2026-07-15,C005,Quincaillerie Diego,Antsiranana,P020,Tôles 3m galvanisées,Matériaux,8,32000,0,256000.0,56000.0
V2628,2026-07-15,C003,Hotel Constance Nosy Be,Nosy Be,P018,Coca 1 pack 33cl,Boisson,6,15000,0,90000.0,18000.0
V2629,2026-07-16,C004,Epicerie Madiro,Ambanja,P014,Tomate concentrée 1 carton,Conserve,14,30000,10,378000.0,28000.0
V2630,2026-07-16,C003,Hotel Constance Nosy Be,Nosy Be,P020,Tôles 3m galvanisées,Matériaux,4,32000,5,121600.0,21600.0
V2631,2026-07-16,C005,Quincaillerie Diego,Antsiranana,P007,Farine 25kg,Farine,7,54000,5,359100.0,44100.0
V2632,2026-07-16,C006,Alimentation Ambilobe,Ambilobe,P009,Lait Nido 2kg,Lait,6,78000,0,468000.0,78000.0
V2633,2026-07-16,C004,Epicerie Madiro,Ambanja,P013,Boite Sardine 10pcs,Conserve,1,18000,10,16200.0,1200.0
V2634,2026-07-16,C001,Epicerie Amina,Antsiranana,P010,Lait Bonnet Rouge 450g,Lait,10,4500,0,45000.0,10000.0
V2635,2026-07-16,C005,Quincaillerie Diego,Antsiranana,P005,Sucre Blanc 1kg,Sucre,15,4000,0,60000.0,12000.0
V2636,2026-07-16,C001,Epicerie Amina,Antsiranana,P010,Lait Bonnet Rouge 450g,Lait,4,4500,0,18000.0,4000.0
V2637,2026-07-16,C003,Hotel Constance Nosy Be,Nosy Be,P001,Riz Maka 25kg,Riz,22,65000,5,1358500.0,148500.0
V2638,2026-07-16,C005,Quincaillerie Diego,Antsiranana,P018,Coca 1 pack 33cl,Boisson,10,15000,5,142500.0,22500.0
V2639,2026-07-17,C002,Score Jumbo,Antsiranana,P004,Huile Hina 5L,Huile,1,33000,0,33000.0,5000.0
V2640,2026-07-17,C003,Hotel Constance Nosy Be,Nosy Be,P005,Sucre Blanc 1kg,Sucre,3,4000,0,12000.0,2400.0
V2641,2026-07-17,C003,Hotel Constance Nosy Be,Nosy Be,P019,Ciment Holcim 50kg,Matériaux,4,45000,0,180000.0,28000.0
V2642,2026-07-17,C003,Hotel Constance Nosy Be,Nosy Be,P010,Lait Bonnet Rouge 450g,Lait,2,4500,5,8550.0,1550.0
V2643,2026-07-17,C004,Epicerie Madiro,Ambanja,P019,Ciment Holcim 50kg,Matériaux,15,45000,0,675000.0,105000.0
V2644,2026-07-17,C006,Alimentation Ambilobe,Ambilobe,P003,Huile Ril 20L,Huile,12,98000,0,1176000.0,156000.0
V2645,2026-07-17,C004,Epicerie Madiro,Ambanja,P006,Sucre Roux 1kg,Sucre,8,3800,10,27360.0,3360.0
V2646,2026-07-17,C006,Alimentation Ambilobe,Ambilobe,P019,Ciment Holcim 50kg,Matériaux,14,45000,0,630000.0,98000.0
V2647,2026-07-17,C005,Quincaillerie Diego,Antsiranana,P010,Lait Bonnet Rouge 450g,Lait,1,4500,10,4050.0,550.0
V2648,2026-07-18,C005,Quincaillerie Diego,Antsiranana,P013,Boite Sardine 10pcs,Conserve,2,18000,0,36000.0,6000.0
V2649,2026-07-18,C003,Hotel Constance Nosy Be,Nosy Be,P012,Omo 1kg,Hygiène,15,10000,0,150000.0,30000.0
V2650,2026-07-18,C004,Epicerie Madiro,Ambanja,P004,Huile Hina 5L,Huile,14,33000,0,462000.0,70000.0
V2651,2026-07-18,C006,Alimentation Ambilobe,Ambilobe,P020,Tôles 3m galvanisées,Matériaux,15,32000,0,480000.0,105000.0
V2652,2026-07-18,C006,Alimentation Ambilobe,Ambilobe,P013,Boite Sardine 10pcs,Conserve,1,18000,0,18000.0,3000.0
V2653,2026-07-18,C005,Quincaillerie Diego,Antsiranana,P002,Riz Tsipala 50kg,Riz,25,130000,5,3087500.0,337500.0
V2654,2026-07-18,C005,Quincaillerie Diego,Antsiranana,P005,Sucre Blanc 1kg,Sucre,6,4000,5,22800.0,3600.0
V2655,2026-07-18,C006,Alimentation Ambilobe,Ambilobe,P008,Farine 1kg,Farine,3,2800,0,8400.0,1800.0
V2656,2026-07-18,C006,Alimentation Ambilobe,Ambilobe,P013,Boite Sardine 10pcs,Conserve,8,18000,5,136800.0,16800.0
V2657,2026-07-18,C005,Quincaillerie Diego,Antsiranana,P017,Eau Vive 1 pack 1.5L,Boisson,2,10000,0,20000.0,4000.0
V2658,2026-07-18,C004,Epicerie Madiro,Ambanja,P010,Lait Bonnet Rouge 450g,Lait,13,4500,0,58500.0,13000.0
V2659,2026-07-18,C002,Score Jumbo,Antsiranana,P005,Sucre Blanc 1kg,Sucre,6,4000,0,24000.0,4800.0
V2660,2026-07-19,C004,Epicerie Madiro,Ambanja,P019,Ciment Holcim 50kg,Matériaux,12,45000,0,540000.0,84000.0
V2661,2026-07-19,C005,Quincaillerie Diego,Antsiranana,P013,Boite Sardine 10pcs,Conserve,5,18000,0,90000.0,15000.0
V2662,2026-07-19,C004,Epicerie Madiro,Ambanja,P017,Eau Vive 1 pack 1.5L,Boisson,7,10000,10,63000.0,7000.0
V2663,2026-07-19,C002,Score Jumbo,Antsiranana,P005,Sucre Blanc 1kg,Sucre,8,4000,5,30400.0,4800.0
V2664,2026-07-19,C002,Score Jumbo,Antsiranana,P016,Biscuit Gold 1 carton,Biscuit,7,22000,10,138600.0,12600.0
V2665,2026-07-20,C005,Quincaillerie Diego,Antsiranana,P007,Farine 25kg,Farine,9,54000,5,461700.0,56700.0
V2666,2026-07-20,C006,Alimentation Ambilobe,Ambilobe,P017,Eau Vive 1 pack 1.5L,Boisson,4,10000,0,40000.0,8000.0
V2667,2026-07-20,C001,Epicerie Amina,Antsiranana,P009,Lait Nido 2kg,Lait,13,78000,0,1014000.0,169000.0
V2668,2026-07-20,C003,Hotel Constance Nosy Be,Nosy Be,P019,Ciment Holcim 50kg,Matériaux,2,45000,0,90000.0,14000.0
V2669,2026-07-20,C006,Alimentation Ambilobe,Ambilobe,P014,Tomate concentrée 1 carton,Conserve,7,30000,0,210000.0,35000.0
V2670,2026-07-20,C003,Hotel Constance Nosy Be,Nosy Be,P007,Farine 25kg,Farine,6,54000,0,324000.0,54000.0
V2671,2026-07-21,C005,Quincaillerie Diego,Antsiranana,P001,Riz Maka 25kg,Riz,24,65000,0,1560000.0,240000.0
V2672,2026-07-21,C003,Hotel Constance Nosy Be,Nosy Be,P020,Tôles 3m galvanisées,Matériaux,14,32000,0,448000.0,98000.0
V2673,2026-07-21,C005,Quincaillerie Diego,Antsiranana,P005,Sucre Blanc 1kg,Sucre,8,4000,0,32000.0,6400.0
V2674,2026-07-21,C002,Score Jumbo,Antsiranana,P007,Farine 25kg,Farine,11,54000,0,594000.0,99000.0
V2675,2026-07-21,C002,Score Jumbo,Antsiranana,P003,Huile Ril 20L,Huile,2,98000,10,176400.0,6400.0
V2676,2026-07-21,C001,Epicerie Amina,Antsiranana,P008,Farine 1kg,Farine,10,2800,0,28000.0,6000.0
V2677,2026-07-21,C003,Hotel Constance Nosy Be,Nosy Be,P001,Riz Maka 25kg,Riz,26,65000,10,1521000.0,91000.0
V2678,2026-07-21,C001,Epicerie Amina,Antsiranana,P010,Lait Bonnet Rouge 450g,Lait,8,4500,0,36000.0,8000.0
V2679,2026-07-22,C001,Epicerie Amina,Antsiranana,P011,Savon Nosy 1 carton,Hygiène,4,50000,10,180000.0,12000.0
V2680,2026-07-22,C005,Quincaillerie Diego,Antsiranana,P007,Farine 25kg,Farine,4,54000,5,205200.0,25200.0
V2681,2026-07-22,C005,Quincaillerie Diego,Antsiranana,P009,Lait Nido 2kg,Lait,9,78000,0,702000.0,117000.0
V2682,2026-07-22,C005,Quincaillerie Diego,Antsiranana,P005,Sucre Blanc 1kg,Sucre,12,4000,10,43200.0,4800.0
V2683,2026-07-22,C006,Alimentation Ambilobe,Ambilobe,P001,Riz Maka 25kg,Riz,29,65000,5,1790750.0,195750.0
V2684,2026-07-22,C006,Alimentation Ambilobe,Ambilobe,P017,Eau Vive 1 pack 1.5L,Boisson,1,10000,0,10000.0,2000.0
V2685,2026-07-22,C002,Score Jumbo,Antsiranana,P002,Riz Tsipala 50kg,Riz,23,130000,0,2990000.0,460000.0
V2686,2026-07-22,C006,Alimentation Ambilobe,Ambilobe,P020,Tôles 3m galvanisées,Matériaux,5,32000,0,160000.0,35000.0
V2687,2026-07-22,C004,Epicerie Madiro,Ambanja,P001,Riz Maka 25kg,Riz,9,65000,0,585000.0,90000.0
V2688,2026-07-22,C006,Alimentation Ambilobe,Ambilobe,P009,Lait Nido 2kg,Lait,11,78000,10,772200.0,57200.0
V2689,2026-07-22,C003,Hotel Constance Nosy Be,Nosy Be,P004,Huile Hina 5L,Huile,1,33000,0,33000.0,5000.0
V2690,2026-07-23,C006,Alimentation Ambilobe,Ambilobe,P013,Boite Sardine 10pcs,Conserve,4,18000,0,72000.0,12000.0
V2691,2026-07-23,C005,Quincaillerie Diego,Antsiranana,P004,Huile Hina 5L,Huile,15,33000,0,495000.0,75000.0
V2692,2026-07-23,C004,Epicerie Madiro,Ambanja,P020,Tôles 3m galvanisées,Matériaux,9,32000,0,288000.0,63000.0
V2693,2026-07-23,C002,Score Jumbo,Antsiranana,P007,Farine 25kg,Farine,9,54000,0,486000.0,81000.0
V2694,2026-07-23,C005,Quincaillerie Diego,Antsiranana,P001,Riz Maka 25kg,Riz,7,65000,0,455000.0,70000.0
V2695,2026-07-24,C005,Quincaillerie Diego,Antsiranana,P010,Lait Bonnet Rouge 450g,Lait,6,4500,0,27000.0,6000.0
V2696,2026-07-24,C004,Epicerie Madiro,Ambanja,P006,Sucre Roux 1kg,Sucre,1,3800,0,3800.0,800.0
V2697,2026-07-24,C006,Alimentation Ambilobe,Ambilobe,P012,Omo 1kg,Hygiène,6,10000,10,54000.0,6000.0
V2698,2026-07-24,C003,Hotel Constance Nosy Be,Nosy Be,P008,Farine 1kg,Farine,9,2800,0,25200.0,5400.0
V2699,2026-07-24,C001,Epicerie Amina,Antsiranana,P009,Lait Nido 2kg,Lait,15,78000,0,1170000.0,195000.0
V2700,2026-07-24,C001,Epicerie Amina,Antsiranana,P018,Coca 1 pack 33cl,Boisson,5,15000,0,75000.0,15000.0
V2701,2026-07-25,C002,Score Jumbo,Antsiranana,P011,Savon Nosy 1 carton,Hygiène,15,50000,0,750000.0,120000.0
V2702,2026-07-25,C006,Alimentation Ambilobe,Ambilobe,P005,Sucre Blanc 1kg,Sucre,2,4000,10,7200.0,800.0
V2703,2026-07-25,C004,Epicerie Madiro,Ambanja,P017,Eau Vive 1 pack 1.5L,Boisson,11,10000,5,104500.0,16500.0
V2704,2026-07-25,C006,Alimentation Ambilobe,Ambilobe,P008,Farine 1kg,Farine,7,2800,0,19600.0,4200.0
V2705,2026-07-25,C005,Quincaillerie Diego,Antsiranana,P005,Sucre Blanc 1kg,Sucre,7,4000,0,28000.0,5600.0
V2706,2026-07-25,C005,Quincaillerie Diego,Antsiranana,P011,Savon Nosy 1 carton,Hygiène,8,50000,5,380000.0,44000.0
V2707,2026-07-25,C002,Score Jumbo,Antsiranana,P007,Farine 25kg,Farine,11,54000,0,594000.0,99000.0
V2708,2026-07-26,C005,Quincaillerie Diego,Antsiranana,P018,Coca 1 pack 33cl,Boisson,11,15000,0,165000.0,33000.0
V2709,2026-07-26,C002,Score Jumbo,Antsiranana,P010,Lait Bonnet Rouge 450g,Lait,12,4500,10,48600.0,6600.0
V2710,2026-07-26,C005,Quincaillerie Diego,Antsiranana,P005,Sucre Blanc 1kg,Sucre,7,4000,0,28000.0,5600.0
V2711,2026-07-26,C006,Alimentation Ambilobe,Ambilobe,P019,Ciment Holcim 50kg,Matériaux,15,45000,0,675000.0,105000.0
V2712,2026-07-26,C003,Hotel Constance Nosy Be,Nosy Be,P003,Huile Ril 20L,Huile,9,98000,5,837900.0,72900.0
V2713,2026-07-26,C006,Alimentation Ambilobe,Ambilobe,P004,Huile Hina 5L,Huile,3,33000,0,99000.0,15000.0
V2714,2026-07-26,C002,Score Jumbo,Antsiranana,P001,Riz Maka 25kg,Riz,25,65000,0,1625000.0,250000.0
V2715,2026-07-26,C004,Epicerie Madiro,Ambanja,P010,Lait Bonnet Rouge 450g,Lait,8,4500,10,32400.0,4400.0
V2716,2026-07-26,C006,Alimentation Ambilobe,Ambilobe,P009,Lait Nido 2kg,Lait,3,78000,0,234000.0,39000.0
V2717,2026-07-26,C001,Epicerie Amina,Antsiranana,P005,Sucre Blanc 1kg,Sucre,3,4000,0,12000.0,2400.0
V2718,2026-07-27,C005,Quincaillerie Diego,Antsiranana,P020,Tôles 3m galvanisées,Matériaux,5,32000,5,152000.0,27000.0
V2719,2026-07-27,C005,Quincaillerie Diego,Antsiranana,P020,Tôles 3m galvanisées,Matériaux,4,32000,5,121600.0,21600.0
V2720,2026-07-27,C002,Score Jumbo,Antsiranana,P008,Farine 1kg,Farine,11,2800,0,30800.0,6600.0
V2721,2026-07-27,C003,Hotel Constance Nosy Be,Nosy Be,P003,Huile Ril 20L,Huile,12,98000,0,1176000.0,156000.0
V2722,2026-07-27,C002,Score Jumbo,Antsiranana,P017,Eau Vive 1 pack 1.5L,Boisson,14,10000,5,133000.0,21000.0
V2723,2026-07-27,C004,Epicerie Madiro,Ambanja,P012,Omo 1kg,Hygiène,3,10000,0,30000.0,6000.0
V2724,2026-07-27,C004,Epicerie Madiro,Ambanja,P016,Biscuit Gold 1 carton,Biscuit,3,22000,0,66000.0,12000.0
V2725,2026-07-28,C002,Score Jumbo,Antsiranana,P008,Farine 1kg,Farine,1,2800,0,2800.0,600.0
V2726,2026-07-28,C001,Epicerie Amina,Antsiranana,P009,Lait Nido 2kg,Lait,7,78000,0,546000.0,91000.0
V2727,2026-07-28,C006,Alimentation Ambilobe,Ambilobe,P007,Farine 25kg,Farine,13,54000,0,702000.0,117000.0
V2728,2026-07-28,C001,Epicerie Amina,Antsiranana,P006,Sucre Roux 1kg,Sucre,15,3800,0,57000.0,12000.0
V2729,2026-07-28,C005,Quincaillerie Diego,Antsiranana,P016,Biscuit Gold 1 carton,Biscuit,12,22000,0,264000.0,48000.0
V2730,2026-07-28,C004,Epicerie Madiro,Ambanja,P008,Farine 1kg,Farine,7,2800,0,19600.0,4200.0
V2731,2026-07-28,C001,Epicerie Amina,Antsiranana,P020,Tôles 3m galvanisées,Matériaux,12,32000,0,384000.0,84000.0
V2732,2026-07-28,C006,Alimentation Ambilobe,Ambilobe,P011,Savon Nosy 1 carton,Hygiène,7,50000,5,332500.0,38500.0
V2733,2026-07-29,C006,Alimentation Ambilobe,Ambilobe,P019,Ciment Holcim 50kg,Matériaux,10,45000,5,427500.0,47500.0
V2734,2026-07-29,C005,Quincaillerie Diego,Antsiranana,P002,Riz Tsipala 50kg,Riz,38,130000,0,4940000.0,760000.0
V2735,2026-07-29,C004,Epicerie Madiro,Ambanja,P015,Pâtes Spaghetti 500g,Pâtes,14,3200,0,44800.0,9800.0
V2736,2026-07-29,C002,Score Jumbo,Antsiranana,P017,Eau Vive 1 pack 1.5L,Boisson,9,10000,0,90000.0,18000.0
V2737,2026-07-29,C006,Alimentation Ambilobe,Ambilobe,P002,Riz Tsipala 50kg,Riz,40,130000,0,5200000.0,800000.0
V2738,2026-07-29,C005,Quincaillerie Diego,Antsiranana,P002,Riz Tsipala 50kg,Riz,17,130000,0,2210000.0,340000.0
V2739,2026-07-29,C004,Epicerie Madiro,Ambanja,P013,Boite Sardine 10pcs,Conserve,15,18000,0,270000.0,45000.0
V2740,2026-07-29,C003,Hotel Constance Nosy Be,Nosy Be,P015,Pâtes Spaghetti 500g,Pâtes,3,3200,0,9600.0,2100.0
V2741,2026-07-29,C003,Hotel Constance Nosy Be,Nosy Be,P020,Tôles 3m galvanisées,Matériaux,15,32000,0,480000.0,105000.0
V2742,2026-07-30,C006,Alimentation Ambilobe,Ambilobe,P017,Eau Vive 1 pack 1.5L,Boisson,15,10000,0,150000.0,30000.0
V2743,2026-07-30,C004,Epicerie Madiro,Ambanja,P015,Pâtes Spaghetti 500g,Pâtes,2,3200,10,5760.0,760.0
V2744,2026-07-30,C005,Quincaillerie Diego,Antsiranana,P004,Huile Hina 5L,Huile,3,33000,5,94050.0,10050.0
V2745,2026-07-30,C006,Alimentation Ambilobe,Ambilobe,P018,Coca 1 pack 33cl,Boisson,3,15000,0,45000.0,9000.0
V2746,2026-07-30,C004,Epicerie Madiro,Ambanja,P011,Savon Nosy 1 carton,Hygiène,8,50000,0,400000.0,64000.0
V2747,2026-07-30,C002,Score Jumbo,Antsiranana,P015,Pâtes Spaghetti 500g,Pâtes,10,3200,10,28800.0,3800.0
V2748,2026-07-30,C002,Score Jumbo,Antsiranana,P015,Pâtes Spaghetti 500g,Pâtes,2,3200,0,6400.0,1400.0
V2749,2026-07-31,C003,Hotel Constance Nosy Be,Nosy Be,P006,Sucre Roux 1kg,Sucre,12,3800,10,41040.0,5040.0
V2750,2026-07-31,C001,Epicerie Amina,Antsiranana,P003,Huile Ril 20L,Huile,2,98000,10,176400.0,6400.0
V2751,2026-07-31,C004,Epicerie Madiro,Ambanja,P012,Omo 1kg,Hygiène,2,10000,5,19000.0,3000.0
V2752,2026-07-31,C006,Alimentation Ambilobe,Ambilobe,P013,Boite Sardine 10pcs,Conserve,12,18000,5,205200.0,25200.0
V2753,2026-07-31,C005,Quincaillerie Diego,Antsiranana,P006,Sucre Roux 1kg,Sucre,7,3800,5,25270.0,4270.0
V2754,2026-07-31,C004,Epicerie Madiro,Ambanja,P002,Riz Tsipala 50kg,Riz,15,130000,0,1950000.0,300000.0
V2755,2026-07-31,C005,Quincaillerie Diego,Antsiranana,P005,Sucre Blanc 1kg,Sucre,3,4000,0,12000.0,2400.0
V2756,2026-08-01,C002,Score Jumbo,Antsiranana,P002,Riz Tsipala 50kg,Riz,31,130000,0,4030000.0,620000.0
V2757,2026-08-01,C003,Hotel Constance Nosy Be,Nosy Be,P015,Pâtes Spaghetti 500g,Pâtes,5,3200,10,14400.0,1900.0
V2758,2026-08-01,C002,Score Jumbo,Antsiranana,P004,Huile Hina 5L,Huile,15,33000,0,495000.0,75000.0
V2759,2026-08-01,C002,Score Jumbo,Antsiranana,P001,Riz Maka 25kg,Riz,21,65000,0,1365000.0,210000.0
V2760,2026-08-01,C004,Epicerie Madiro,Ambanja,P016,Biscuit Gold 1 carton,Biscuit,14,22000,0,308000.0,56000.0
V2761,2026-08-01,C005,Quincaillerie Diego,Antsiranana,P001,Riz Maka 25kg,Riz,36,65000,0,2340000.0,360000.0
V2762,2026-08-01,C002,Score Jumbo,Antsiranana,P019,Ciment Holcim 50kg,Matériaux,11,45000,0,495000.0,77000.0
V2763,2026-08-01,C004,Epicerie Madiro,Ambanja,P014,Tomate concentrée 1 carton,Conserve,8,30000,0,240000.0,40000.0
V2764,2026-08-02,C005,Quincaillerie Diego,Antsiranana,P020,Tôles 3m galvanisées,Matériaux,1,32000,0,32000.0,7000.0
V2765,2026-08-02,C005,Quincaillerie Diego,Antsiranana,P009,Lait Nido 2kg,Lait,10,78000,10,702000.0,52000.0
V2766,2026-08-02,C005,Quincaillerie Diego,Antsiranana,P007,Farine 25kg,Farine,1,54000,0,54000.0,9000.0
V2767,2026-08-02,C002,Score Jumbo,Antsiranana,P002,Riz Tsipala 50kg,Riz,27,130000,0,3510000.0,540000.0
V2768,2026-08-02,C002,Score Jumbo,Antsiranana,P002,Riz Tsipala 50kg,Riz,24,130000,0,3120000.0,480000.0
V2769,2026-08-02,C001,Epicerie Amina,Antsiranana,P002,Riz Tsipala 50kg,Riz,11,130000,0,1430000.0,220000.0
V2770,2026-08-02,C002,Score Jumbo,Antsiranana,P006,Sucre Roux 1kg,Sucre,11,3800,0,41800.0,8800.0
V2771,2026-08-02,C005,Quincaillerie Diego,Antsiranana,P020,Tôles 3m galvanisées,Matériaux,10,32000,5,304000.0,54000.0
V2772,2026-08-02,C002,Score Jumbo,Antsiranana,P015,Pâtes Spaghetti 500g,Pâtes,12,3200,5,36480.0,6480.0
V2773,2026-08-02,C003,Hotel Constance Nosy Be,Nosy Be,P002,Riz Tsipala 50kg,Riz,10,130000,0,1300000.0,200000.0
V2774,2026-08-02,C003,Hotel Constance Nosy Be,Nosy Be,P012,Omo 1kg,Hygiène,15,10000,0,150000.0,30000.0
V2775,2026-08-03,C001,Epicerie Amina,Antsiranana,P014,Tomate concentrée 1 carton,Conserve,14,30000,5,399000.0,49000.0
V2776,2026-08-03,C001,Epicerie Amina,Antsiranana,P010,Lait Bonnet Rouge 450g,Lait,8,4500,0,36000.0,8000.0
V2777,2026-08-03,C001,Epicerie Amina,Antsiranana,P009,Lait Nido 2kg,Lait,6,78000,5,444600.0,54600.0
V2778,2026-08-03,C004,Epicerie Madiro,Ambanja,P017,Eau Vive 1 pack 1.5L,Boisson,4,10000,10,36000.0,4000.0
V2779,2026-08-03,C002,Score Jumbo,Antsiranana,P020,Tôles 3m galvanisées,Matériaux,1,32000,0,32000.0,7000.0
V2780,2026-08-03,C005,Quincaillerie Diego,Antsiranana,P017,Eau Vive 1 pack 1.5L,Boisson,2,10000,0,20000.0,4000.0
V2781,2026-08-03,C006,Alimentation Ambilobe,Ambilobe,P020,Tôles 3m galvanisées,Matériaux,15,32000,10,432000.0,57000.0
V2782,2026-08-03,C003,Hotel Constance Nosy Be,Nosy Be,P014,Tomate concentrée 1 carton,Conserve,10,30000,0,300000.0,50000.0
V2783,2026-08-03,C003,Hotel Constance Nosy Be,Nosy Be,P017,Eau Vive 1 pack 1.5L,Boisson,10,10000,5,95000.0,15000.0
V2784,2026-08-03,C003,Hotel Constance Nosy Be,Nosy Be,P005,Sucre Blanc 1kg,Sucre,10,4000,5,38000.0,6000.0
V2785,2026-08-03,C004,Epicerie Madiro,Ambanja,P017,Eau Vive 1 pack 1.5L,Boisson,12,10000,10,108000.0,12000.0
V2786,2026-08-03,C004,Epicerie Madiro,Ambanja,P016,Biscuit Gold 1 carton,Biscuit,13,22000,0,286000.0,52000.0
V2787,2026-08-04,C005,Quincaillerie Diego,Antsiranana,P008,Farine 1kg,Farine,12,2800,0,33600.0,7200.0
V2788,2026-08-04,C002,Score Jumbo,Antsiranana,P001,Riz Maka 25kg,Riz,12,65000,0,780000.0,120000.0
V2789,2026-08-04,C004,Epicerie Madiro,Ambanja,P004,Huile Hina 5L,Huile,12,33000,0,396000.0,60000.0
V2790,2026-08-04,C005,Quincaillerie Diego,Antsiranana,P014,Tomate concentrée 1 carton,Conserve,7,30000,0,210000.0,35000.0
V2791,2026-08-04,C003,Hotel Constance Nosy Be,Nosy Be,P012,Omo 1kg,Hygiène,9,10000,10,81000.0,9000.0
V2792,2026-08-04,C002,Score Jumbo,Antsiranana,P001,Riz Maka 25kg,Riz,17,65000,10,994500.0,59500.0
V2793,2026-08-04,C003,Hotel Constance Nosy Be,Nosy Be,P009,Lait Nido 2kg,Lait,13,78000,0,1014000.0,169000.0
V2794,2026-08-04,C003,Hotel Constance Nosy Be,Nosy Be,P010,Lait Bonnet Rouge 450g,Lait,9,4500,5,38475.0,6975.0
V2795,2026-08-05,C003,Hotel Constance Nosy Be,Nosy Be,P001,Riz Maka 25kg,Riz,12,65000,10,702000.0,42000.0
V2796,2026-08-05,C003,Hotel Constance Nosy Be,Nosy Be,P011,Savon Nosy 1 carton,Hygiène,7,50000,10,315000.0,21000.0
V2797,2026-08-05,C005,Quincaillerie Diego,Antsiranana,P020,Tôles 3m galvanisées,Matériaux,1,32000,0,32000.0,7000.0
V2798,2026-08-05,C002,Score Jumbo,Antsiranana,P011,Savon Nosy 1 carton,Hygiène,14,50000,0,700000.0,112000.0
V2799,2026-08-05,C006,Alimentation Ambilobe,Ambilobe,P016,Biscuit Gold 1 carton,Biscuit,15,22000,0,330000.0,60000.0
V2800,2026-08-05,C001,Epicerie Amina,Antsiranana,P005,Sucre Blanc 1kg,Sucre,8,4000,0,32000.0,6400.0
V2801,2026-08-05,C006,Alimentation Ambilobe,Ambilobe,P015,Pâtes Spaghetti 500g,Pâtes,15,3200,5,45600.0,8100.0
V2802,2026-08-05,C003,Hotel Constance Nosy Be,Nosy Be,P015,Pâtes Spaghetti 500g,Pâtes,13,3200,0,41600.0,9100.0
V2803,2026-08-05,C006,Alimentation Ambilobe,Ambilobe,P002,Riz Tsipala 50kg,Riz,38,130000,0,4940000.0,760000.0
V2804,2026-08-05,C005,Quincaillerie Diego,Antsiranana,P011,Savon Nosy 1 carton,Hygiène,9,50000,5,427500.0,49500.0
V2805,2026-08-05,C001,Epicerie Amina,Antsiranana,P007,Farine 25kg,Farine,10,54000,10,486000.0,36000.0
V2806,2026-08-06,C003,Hotel Constance Nosy Be,Nosy Be,P012,Omo 1kg,Hygiène,2,10000,0,20000.0,4000.0
V2807,2026-08-06,C003,Hotel Constance Nosy Be,Nosy Be,P001,Riz Maka 25kg,Riz,26,65000,0,1690000.0,260000.0
V2808,2026-08-06,C006,Alimentation Ambilobe,Ambilobe,P018,Coca 1 pack 33cl,Boisson,14,15000,0,210000.0,42000.0
V2809,2026-08-06,C005,Quincaillerie Diego,Antsiranana,P020,Tôles 3m galvanisées,Matériaux,7,32000,0,224000.0,49000.0
V2810,2026-08-06,C005,Quincaillerie Diego,Antsiranana,P004,Huile Hina 5L,Huile,14,33000,0,462000.0,70000.0
V2811,2026-08-07,C006,Alimentation Ambilobe,Ambilobe,P011,Savon Nosy 1 carton,Hygiène,12,50000,0,600000.0,96000.0
V2812,2026-08-07,C003,Hotel Constance Nosy Be,Nosy Be,P014,Tomate concentrée 1 carton,Conserve,2,30000,0,60000.0,10000.0
V2813,2026-08-07,C002,Score Jumbo,Antsiranana,P012,Omo 1kg,Hygiène,8,10000,0,80000.0,16000.0
V2814,2026-08-07,C002,Score Jumbo,Antsiranana,P017,Eau Vive 1 pack 1.5L,Boisson,5,10000,0,50000.0,10000.0
V2815,2026-08-07,C001,Epicerie Amina,Antsiranana,P012,Omo 1kg,Hygiène,13,10000,0,130000.0,26000.0
V2816,2026-08-07,C002,Score Jumbo,Antsiranana,P003,Huile Ril 20L,Huile,8,98000,5,744800.0,64800.0
V2817,2026-08-07,C001,Epicerie Amina,Antsiranana,P016,Biscuit Gold 1 carton,Biscuit,15,22000,5,313500.0,43500.0
V2818,2026-08-07,C002,Score Jumbo,Antsiranana,P007,Farine 25kg,Farine,6,54000,0,324000.0,54000.0
V2819,2026-08-07,C006,Alimentation Ambilobe,Ambilobe,P017,Eau Vive 1 pack 1.5L,Boisson,5,10000,0,50000.0,10000.0
V2820,2026-08-07,C002,Score Jumbo,Antsiranana,P004,Huile Hina 5L,Huile,14,33000,5,438900.0,46900.0
V2821,2026-08-08,C006,Alimentation Ambilobe,Ambilobe,P005,Sucre Blanc 1kg,Sucre,4,4000,10,14400.0,1600.0
V2822,2026-08-08,C001,Epicerie Amina,Antsiranana,P015,Pâtes Spaghetti 500g,Pâtes,7,3200,10,20160.0,2660.0
V2823,2026-08-08,C005,Quincaillerie Diego,Antsiranana,P004,Huile Hina 5L,Huile,1,33000,0,33000.0,5000.0
V2824,2026-08-08,C001,Epicerie Amina,Antsiranana,P020,Tôles 3m galvanisées,Matériaux,14,32000,0,448000.0,98000.0
V2825,2026-08-08,C003,Hotel Constance Nosy Be,Nosy Be,P015,Pâtes Spaghetti 500g,Pâtes,15,3200,0,48000.0,10500.0
V2826,2026-08-08,C001,Epicerie Amina,Antsiranana,P017,Eau Vive 1 pack 1.5L,Boisson,13,10000,10,117000.0,13000.0
V2827,2026-08-08,C006,Alimentation Ambilobe,Ambilobe,P010,Lait Bonnet Rouge 450g,Lait,1,4500,5,4275.0,775.0
V2828,2026-08-08,C003,Hotel Constance Nosy Be,Nosy Be,P007,Farine 25kg,Farine,6,54000,0,324000.0,54000.0
V2829,2026-08-08,C002,Score Jumbo,Antsiranana,P010,Lait Bonnet Rouge 450g,Lait,5,4500,5,21375.0,3875.0
V2830,2026-08-09,C003,Hotel Constance Nosy Be,Nosy Be,P015,Pâtes Spaghetti 500g,Pâtes,11,3200,0,35200.0,7700.0
V2831,2026-08-09,C003,Hotel Constance Nosy Be,Nosy Be,P005,Sucre Blanc 1kg,Sucre,3,4000,0,12000.0,2400.0
V2832,2026-08-09,C001,Epicerie Amina,Antsiranana,P001,Riz Maka 25kg,Riz,40,65000,5,2470000.0,270000.0
V2833,2026-08-09,C001,Epicerie Amina,Antsiranana,P007,Farine 25kg,Farine,9,54000,0,486000.0,81000.0
V2834,2026-08-09,C005,Quincaillerie Diego,Antsiranana,P011,Savon Nosy 1 carton,Hygiène,5,50000,0,250000.0,40000.0
V2835,2026-08-09,C006,Alimentation Ambilobe,Ambilobe,P010,Lait Bonnet Rouge 450g,Lait,10,4500,0,45000.0,10000.0
V2836,2026-08-09,C002,Score Jumbo,Antsiranana,P003,Huile Ril 20L,Huile,5,98000,5,465500.0,40500.0
V2837,2026-08-09,C003,Hotel Constance Nosy Be,Nosy Be,P018,Coca 1 pack 33cl,Boisson,8,15000,0,120000.0,24000.0
V2838,2026-08-09,C002,Score Jumbo,Antsiranana,P001,Riz Maka 25kg,Riz,35,65000,10,2047500.0,122500.0
V2839,2026-08-10,C001,Epicerie Amina,Antsiranana,P004,Huile Hina 5L,Huile,7,33000,0,231000.0,35000.0
V2840,2026-08-10,C001,Epicerie Amina,Antsiranana,P014,Tomate concentrée 1 carton,Conserve,7,30000,0,210000.0,35000.0
V2841,2026-08-10,C006,Alimentation Ambilobe,Ambilobe,P020,Tôles 3m galvanisées,Matériaux,15,32000,5,456000.0,81000.0
V2842,2026-08-10,C006,Alimentation Ambilobe,Ambilobe,P015,Pâtes Spaghetti 500g,Pâtes,10,3200,0,32000.0,7000.0
V2843,2026-08-10,C003,Hotel Constance Nosy Be,Nosy Be,P011,Savon Nosy 1 carton,Hygiène,14,50000,0,700000.0,112000.0
V2844,2026-08-10,C006,Alimentation Ambilobe,Ambilobe,P018,Coca 1 pack 33cl,Boisson,2,15000,0,30000.0,6000.0
V2845,2026-08-10,C005,Quincaillerie Diego,Antsiranana,P005,Sucre Blanc 1kg,Sucre,2,4000,10,7200.0,800.0
V2846,2026-08-11,C004,Epicerie Madiro,Ambanja,P004,Huile Hina 5L,Huile,8,33000,0,264000.0,40000.0
V2847,2026-08-11,C006,Alimentation Ambilobe,Ambilobe,P015,Pâtes Spaghetti 500g,Pâtes,8,3200,0,25600.0,5600.0
V2848,2026-08-11,C002,Score Jumbo,Antsiranana,P005,Sucre Blanc 1kg,Sucre,14,4000,5,53200.0,8400.0
V2849,2026-08-11,C003,Hotel Constance Nosy Be,Nosy Be,P012,Omo 1kg,Hygiène,7,10000,0,70000.0,14000.0
V2850,2026-08-11,C006,Alimentation Ambilobe,Ambilobe,P011,Savon Nosy 1 carton,Hygiène,13,50000,0,650000.0,104000.0
V2851,2026-08-11,C004,Epicerie Madiro,Ambanja,P016,Biscuit Gold 1 carton,Biscuit,1,22000,0,22000.0,4000.0
V2852,2026-08-11,C004,Epicerie Madiro,Ambanja,P004,Huile Hina 5L,Huile,6,33000,0,198000.0,30000.0
V2853,2026-08-11,C004,Epicerie Madiro,Ambanja,P006,Sucre Roux 1kg,Sucre,5,3800,0,19000.0,4000.0
V2854,2026-08-11,C005,Quincaillerie Diego,Antsiranana,P019,Ciment Holcim 50kg,Matériaux,3,45000,5,128250.0,14250.0
V2855,2026-08-12,C001,Epicerie Amina,Antsiranana,P013,Boite Sardine 10pcs,Conserve,14,18000,10,226800.0,16800.0
V2856,2026-08-12,C001,Epicerie Amina,Antsiranana,P011,Savon Nosy 1 carton,Hygiène,9,50000,10,405000.0,27000.0
V2857,2026-08-12,C001,Epicerie Amina,Antsiranana,P010,Lait Bonnet Rouge 450g,Lait,9,4500,0,40500.0,9000.0
V2858,2026-08-12,C004,Epicerie Madiro,Ambanja,P019,Ciment Holcim 50kg,Matériaux,7,45000,0,315000.0,49000.0
V2859,2026-08-12,C005,Quincaillerie Diego,Antsiranana,P008,Farine 1kg,Farine,9,2800,0,25200.0,5400.0
V2860,2026-08-12,C004,Epicerie Madiro,Ambanja,P013,Boite Sardine 10pcs,Conserve,2,18000,0,36000.0,6000.0
V2861,2026-08-12,C002,Score Jumbo,Antsiranana,P019,Ciment Holcim 50kg,Matériaux,7,45000,0,315000.0,49000.0
V2862,2026-08-12,C005,Quincaillerie Diego,Antsiranana,P011,Savon Nosy 1 carton,Hygiène,9,50000,10,405000.0,27000.0
V2863,2026-08-12,C002,Score Jumbo,Antsiranana,P006,Sucre Roux 1kg,Sucre,11,3800,10,37620.0,4620.0
V2864,2026-08-12,C001,Epicerie Amina,Antsiranana,P019,Ciment Holcim 50kg,Matériaux,14,45000,0,630000.0,98000.0
V2865,2026-08-12,C001,Epicerie Amina,Antsiranana,P019,Ciment Holcim 50kg,Matériaux,10,45000,0,450000.0,70000.0
V2866,2026-08-12,C003,Hotel Constance Nosy Be,Nosy Be,P018,Coca 1 pack 33cl,Boisson,2,15000,0,30000.0,6000.0
V2867,2026-08-13,C002,Score Jumbo,Antsiranana,P010,Lait Bonnet Rouge 450g,Lait,7,4500,0,31500.0,7000.0
V2868,2026-08-13,C005,Quincaillerie Diego,Antsiranana,P004,Huile Hina 5L,Huile,11,33000,5,344850.0,36850.0
V2869,2026-08-13,C004,Epicerie Madiro,Ambanja,P011,Savon Nosy 1 carton,Hygiène,8,50000,10,360000.0,24000.0
V2870,2026-08-13,C006,Alimentation Ambilobe,Ambilobe,P002,Riz Tsipala 50kg,Riz,10,130000,0,1300000.0,200000.0
V2871,2026-08-13,C002,Score Jumbo,Antsiranana,P019,Ciment Holcim 50kg,Matériaux,15,45000,10,607500.0,37500.0
V2872,2026-08-13,C001,Epicerie Amina,Antsiranana,P005,Sucre Blanc 1kg,Sucre,11,4000,0,44000.0,8800.0
V2873,2026-08-13,C004,Epicerie Madiro,Ambanja,P018,Coca 1 pack 33cl,Boisson,5,15000,0,75000.0,15000.0
V2874,2026-08-14,C005,Quincaillerie Diego,Antsiranana,P019,Ciment Holcim 50kg,Matériaux,8,45000,0,360000.0,56000.0
V2875,2026-08-14,C002,Score Jumbo,Antsiranana,P011,Savon Nosy 1 carton,Hygiène,5,50000,5,237500.0,27500.0
V2876,2026-08-14,C006,Alimentation Ambilobe,Ambilobe,P010,Lait Bonnet Rouge 450g,Lait,15,4500,0,67500.0,15000.0
V2877,2026-08-14,C006,Alimentation Ambilobe,Ambilobe,P012,Omo 1kg,Hygiène,2,10000,5,19000.0,3000.0
V2878,2026-08-14,C001,Epicerie Amina,Antsiranana,P020,Tôles 3m galvanisées,Matériaux,9,32000,0,288000.0,63000.0
V2879,2026-08-14,C002,Score Jumbo,Antsiranana,P010,Lait Bonnet Rouge 450g,Lait,1,4500,0,4500.0,1000.0
V2880,2026-08-14,C005,Quincaillerie Diego,Antsiranana,P002,Riz Tsipala 50kg,Riz,5,130000,10,585000.0,35000.0
V2881,2026-08-14,C005,Quincaillerie Diego,Antsiranana,P012,Omo 1kg,Hygiène,2,10000,0,20000.0,4000.0
V2882,2026-08-14,C001,Epicerie Amina,Antsiranana,P008,Farine 1kg,Farine,7,2800,10,17640.0,2240.0
V2883,2026-08-14,C005,Quincaillerie Diego,Antsiranana,P013,Boite Sardine 10pcs,Conserve,11,18000,0,198000.0,33000.0
V2884,2026-08-15,C006,Alimentation Ambilobe,Ambilobe,P013,Boite Sardine 10pcs,Conserve,7,18000,0,126000.0,21000.0
V2885,2026-08-15,C004,Epicerie Madiro,Ambanja,P018,Coca 1 pack 33cl,Boisson,4,15000,10,54000.0,6000.0
V2886,2026-08-15,C002,Score Jumbo,Antsiranana,P016,Biscuit Gold 1 carton,Biscuit,3,22000,0,66000.0,12000.0
V2887,2026-08-15,C005,Quincaillerie Diego,Antsiranana,P013,Boite Sardine 10pcs,Conserve,14,18000,0,252000.0,42000.0
V2888,2026-08-15,C004,Epicerie Madiro,Ambanja,P005,Sucre Blanc 1kg,Sucre,5,4000,10,18000.0,2000.0
V2889,2026-08-15,C002,Score Jumbo,Antsiranana,P005,Sucre Blanc 1kg,Sucre,1,4000,0,4000.0,800.0
V2890,2026-08-15,C006,Alimentation Ambilobe,Ambilobe,P001,Riz Maka 25kg,Riz,14,65000,10,819000.0,49000.0
V2891,2026-08-16,C004,Epicerie Madiro,Ambanja,P014,Tomate concentrée 1 carton,Conserve,3,30000,0,90000.0,15000.0
V2892,2026-08-16,C002,Score Jumbo,Antsiranana,P014,Tomate concentrée 1 carton,Conserve,14,30000,0,420000.0,70000.0
V2893,2026-08-16,C006,Alimentation Ambilobe,Ambilobe,P020,Tôles 3m galvanisées,Matériaux,15,32000,0,480000.0,105000.0
V2894,2026-08-16,C005,Quincaillerie Diego,Antsiranana,P006,Sucre Roux 1kg,Sucre,8,3800,5,28880.0,4880.0
V2895,2026-08-17,C004,Epicerie Madiro,Ambanja,P018,Coca 1 pack 33cl,Boisson,14,15000,0,210000.0,42000.0
V2896,2026-08-17,C004,Epicerie Madiro,Ambanja,P012,Omo 1kg,Hygiène,4,10000,0,40000.0,8000.0
V2897,2026-08-17,C004,Epicerie Madiro,Ambanja,P020,Tôles 3m galvanisées,Matériaux,1,32000,5,30400.0,5400.0
V2898,2026-08-17,C004,Epicerie Madiro,Ambanja,P008,Farine 1kg,Farine,12,2800,5,31920.0,5520.0
V2899,2026-08-17,C003,Hotel Constance Nosy Be,Nosy Be,P014,Tomate concentrée 1 carton,Conserve,15,30000,5,427500.0,52500.0
V2900,2026-08-17,C005,Quincaillerie Diego,Antsiranana,P012,Omo 1kg,Hygiène,1,10000,0,10000.0,2000.0
V2901,2026-08-17,C005,Quincaillerie Diego,Antsiranana,P016,Biscuit Gold 1 carton,Biscuit,12,22000,0,264000.0,48000.0
V2902,2026-08-17,C001,Epicerie Amina,Antsiranana,P019,Ciment Holcim 50kg,Matériaux,8,45000,10,324000.0,20000.0
V2903,2026-08-17,C001,Epicerie Amina,Antsiranana,P005,Sucre Blanc 1kg,Sucre,12,4000,10,43200.0,4800.0
V2904,2026-08-18,C005,Quincaillerie Diego,Antsiranana,P009,Lait Nido 2kg,Lait,8,78000,5,592800.0,72800.0
V2905,2026-08-18,C001,Epicerie Amina,Antsiranana,P017,Eau Vive 1 pack 1.5L,Boisson,15,10000,5,142500.0,22500.0
V2906,2026-08-18,C001,Epicerie Amina,Antsiranana,P008,Farine 1kg,Farine,8,2800,10,20160.0,2560.0
V2907,2026-08-18,C006,Alimentation Ambilobe,Ambilobe,P003,Huile Ril 20L,Huile,11,98000,10,970200.0,35200.0
V2908,2026-08-19,C005,Quincaillerie Diego,Antsiranana,P019,Ciment Holcim 50kg,Matériaux,5,45000,5,213750.0,23750.0
V2909,2026-08-19,C001,Epicerie Amina,Antsiranana,P011,Savon Nosy 1 carton,Hygiène,9,50000,0,450000.0,72000.0
V2910,2026-08-19,C004,Epicerie Madiro,Ambanja,P015,Pâtes Spaghetti 500g,Pâtes,9,3200,0,28800.0,6300.0
V2911,2026-08-19,C005,Quincaillerie Diego,Antsiranana,P011,Savon Nosy 1 carton,Hygiène,7,50000,0,350000.0,56000.0
V2912,2026-08-19,C003,Hotel Constance Nosy Be,Nosy Be,P010,Lait Bonnet Rouge 450g,Lait,3,4500,0,13500.0,3000.0
V2913,2026-08-19,C006,Alimentation Ambilobe,Ambilobe,P020,Tôles 3m galvanisées,Matériaux,12,32000,0,384000.0,84000.0
V2914,2026-08-19,C006,Alimentation Ambilobe,Ambilobe,P019,Ciment Holcim 50kg,Matériaux,5,45000,0,225000.0,35000.0
V2915,2026-08-20,C006,Alimentation Ambilobe,Ambilobe,P016,Biscuit Gold 1 carton,Biscuit,10,22000,0,220000.0,40000.0
V2916,2026-08-20,C005,Quincaillerie Diego,Antsiranana,P002,Riz Tsipala 50kg,Riz,23,130000,10,2691000.0,161000.0
V2917,2026-08-20,C005,Quincaillerie Diego,Antsiranana,P001,Riz Maka 25kg,Riz,23,65000,0,1495000.0,230000.0
V2918,2026-08-20,C001,Epicerie Amina,Antsiranana,P005,Sucre Blanc 1kg,Sucre,9,4000,0,36000.0,7200.0
V2919,2026-08-20,C003,Hotel Constance Nosy Be,Nosy Be,P009,Lait Nido 2kg,Lait,3,78000,5,222300.0,27300.0
V2920,2026-08-20,C003,Hotel Constance Nosy Be,Nosy Be,P009,Lait Nido 2kg,Lait,14,78000,0,1092000.0,182000.0
V2921,2026-08-20,C001,Epicerie Amina,Antsiranana,P004,Huile Hina 5L,Huile,10,33000,0,330000.0,50000.0
V2922,2026-08-20,C005,Quincaillerie Diego,Antsiranana,P005,Sucre Blanc 1kg,Sucre,11,4000,0,44000.0,8800.0
V2923,2026-08-20,C003,Hotel Constance Nosy Be,Nosy Be,P006,Sucre Roux 1kg,Sucre,5,3800,10,17100.0,2100.0
V2924,2026-08-20,C002,Score Jumbo,Antsiranana,P016,Biscuit Gold 1 carton,Biscuit,3,22000,5,62700.0,8700.0
V2925,2026-08-20,C001,Epicerie Amina,Antsiranana,P011,Savon Nosy 1 carton,Hygiène,2,50000,0,100000.0,16000.0
V2926,2026-08-20,C005,Quincaillerie Diego,Antsiranana,P005,Sucre Blanc 1kg,Sucre,14,4000,0,56000.0,11200.0
V2927,2026-08-20,C004,Epicerie Madiro,Ambanja,P013,Boite Sardine 10pcs,Conserve,4,18000,10,64800.0,4800.0
V2928,2026-08-20,C004,Epicerie Madiro,Ambanja,P006,Sucre Roux 1kg,Sucre,4,3800,5,14440.0,2440.0
V2929,2026-08-20,C006,Alimentation Ambilobe,Ambilobe,P012,Omo 1kg,Hygiène,1,10000,10,9000.0,1000.0
V2930,2026-08-21,C003,Hotel Constance Nosy Be,Nosy Be,P004,Huile Hina 5L,Huile,1,33000,0,33000.0,5000.0
V2931,2026-08-21,C004,Epicerie Madiro,Ambanja,P013,Boite Sardine 10pcs,Conserve,8,18000,0,144000.0,24000.0
V2932,2026-08-21,C004,Epicerie Madiro,Ambanja,P018,Coca 1 pack 33cl,Boisson,4,15000,0,60000.0,12000.0
V2933,2026-08-21,C006,Alimentation Ambilobe,Ambilobe,P013,Boite Sardine 10pcs,Conserve,8,18000,0,144000.0,24000.0
V2934,2026-08-21,C002,Score Jumbo,Antsiranana,P017,Eau Vive 1 pack 1.5L,Boisson,14,10000,0,140000.0,28000.0
V2935,2026-08-21,C001,Epicerie Amina,Antsiranana,P010,Lait Bonnet Rouge 450g,Lait,15,4500,0,67500.0,15000.0
V2936,2026-08-21,C004,Epicerie Madiro,Ambanja,P011,Savon Nosy 1 carton,Hygiène,9,50000,10,405000.0,27000.0
V2937,2026-08-21,C001,Epicerie Amina,Antsiranana,P004,Huile Hina 5L,Huile,15,33000,5,470250.0,50250.0
V2938,2026-08-21,C006,Alimentation Ambilobe,Ambilobe,P012,Omo 1kg,Hygiène,14,10000,0,140000.0,28000.0
V2939,2026-08-21,C005,Quincaillerie Diego,Antsiranana,P009,Lait Nido 2kg,Lait,6,78000,0,468000.0,78000.0
V2940,2026-08-22,C003,Hotel Constance Nosy Be,Nosy Be,P004,Huile Hina 5L,Huile,5,33000,10,148500.0,8500.0
V2941,2026-08-22,C005,Quincaillerie Diego,Antsiranana,P013,Boite Sardine 10pcs,Conserve,8,18000,10,129600.0,9600.0
V2942,2026-08-22,C006,Alimentation Ambilobe,Ambilobe,P008,Farine 1kg,Farine,12,2800,10,30240.0,3840.0
V2943,2026-08-22,C005,Quincaillerie Diego,Antsiranana,P007,Farine 25kg,Farine,9,54000,0,486000.0,81000.0
V2944,2026-08-22,C006,Alimentation Ambilobe,Ambilobe,P006,Sucre Roux 1kg,Sucre,6,3800,5,21660.0,3660.0
V2945,2026-08-23,C001,Epicerie Amina,Antsiranana,P001,Riz Maka 25kg,Riz,9,65000,0,585000.0,90000.0
V2946,2026-08-23,C004,Epicerie Madiro,Ambanja,P004,Huile Hina 5L,Huile,9,33000,0,297000.0,45000.0
V2947,2026-08-23,C006,Alimentation Ambilobe,Ambilobe,P015,Pâtes Spaghetti 500g,Pâtes,6,3200,0,19200.0,4200.0
V2948,2026-08-23,C006,Alimentation Ambilobe,Ambilobe,P010,Lait Bonnet Rouge 450g,Lait,5,4500,0,22500.0,5000.0
V2949,2026-08-23,C001,Epicerie Amina,Antsiranana,P001,Riz Maka 25kg,Riz,10,65000,0,650000.0,100000.0
V2950,2026-08-23,C005,Quincaillerie Diego,Antsiranana,P007,Farine 25kg,Farine,10,54000,10,486000.0,36000.0
V2951,2026-08-23,C001,Epicerie Amina,Antsiranana,P004,Huile Hina 5L,Huile,2,33000,5,62700.0,6700.0
V2952,2026-08-24,C002,Score Jumbo,Antsiranana,P013,Boite Sardine 10pcs,Conserve,11,18000,10,178200.0,13200.0
V2953,2026-08-24,C005,Quincaillerie Diego,Antsiranana,P006,Sucre Roux 1kg,Sucre,15,3800,0,57000.0,12000.0
V2954,2026-08-24,C006,Alimentation Ambilobe,Ambilobe,P006,Sucre Roux 1kg,Sucre,5,3800,0,19000.0,4000.0
V2955,2026-08-25,C004,Epicerie Madiro,Ambanja,P003,Huile Ril 20L,Huile,11,98000,0,1078000.0,143000.0
V2956,2026-08-25,C003,Hotel Constance Nosy Be,Nosy Be,P014,Tomate concentrée 1 carton,Conserve,12,30000,10,324000.0,24000.0
V2957,2026-08-25,C003,Hotel Constance Nosy Be,Nosy Be,P009,Lait Nido 2kg,Lait,3,78000,0,234000.0,39000.0
V2958,2026-08-26,C003,Hotel Constance Nosy Be,Nosy Be,P002,Riz Tsipala 50kg,Riz,29,130000,0,3770000.0,580000.0
V2959,2026-08-26,C003,Hotel Constance Nosy Be,Nosy Be,P002,Riz Tsipala 50kg,Riz,21,130000,0,2730000.0,420000.0
V2960,2026-08-26,C002,Score Jumbo,Antsiranana,P015,Pâtes Spaghetti 500g,Pâtes,2,3200,0,6400.0,1400.0
V2961,2026-08-26,C002,Score Jumbo,Antsiranana,P020,Tôles 3m galvanisées,Matériaux,7,32000,0,224000.0,49000.0
V2962,2026-08-26,C006,Alimentation Ambilobe,Ambilobe,P016,Biscuit Gold 1 carton,Biscuit,2,22000,0,44000.0,8000.0
V2963,2026-08-26,C005,Quincaillerie Diego,Antsiranana,P014,Tomate concentrée 1 carton,Conserve,4,30000,5,114000.0,14000.0
V2964,2026-08-26,C006,Alimentation Ambilobe,Ambilobe,P004,Huile Hina 5L,Huile,15,33000,0,495000.0,75000.0
V2965,2026-08-26,C006,Alimentation Ambilobe,Ambilobe,P009,Lait Nido 2kg,Lait,2,78000,0,156000.0,26000.0
V2966,2026-08-27,C001,Epicerie Amina,Antsiranana,P003,Huile Ril 20L,Huile,10,98000,10,882000.0,32000.0
V2967,2026-08-27,C003,Hotel Constance Nosy Be,Nosy Be,P015,Pâtes Spaghetti 500g,Pâtes,1,3200,0,3200.0,700.0
V2968,2026-08-27,C002,Score Jumbo,Antsiranana,P001,Riz Maka 25kg,Riz,7,65000,10,409500.0,24500.0
V2969,2026-08-27,C004,Epicerie Madiro,Ambanja,P009,Lait Nido 2kg,Lait,3,78000,10,210600.0,15600.0
V2970,2026-08-27,C003,Hotel Constance Nosy Be,Nosy Be,P013,Boite Sardine 10pcs,Conserve,10,18000,0,180000.0,30000.0
V2971,2026-08-27,C005,Quincaillerie Diego,Antsiranana,P016,Biscuit Gold 1 carton,Biscuit,8,22000,0,176000.0,32000.0
V2972,2026-08-27,C004,Epicerie Madiro,Ambanja,P003,Huile Ril 20L,Huile,9,98000,0,882000.0,117000.0
V2973,2026-08-27,C001,Epicerie Amina,Antsiranana,P013,Boite Sardine 10pcs,Conserve,12,18000,0,216000.0,36000.0
V2974,2026-08-27,C001,Epicerie Amina,Antsiranana,P019,Ciment Holcim 50kg,Matériaux,9,45000,0,405000.0,63000.0
V2975,2026-08-28,C003,Hotel Constance Nosy Be,Nosy Be,P010,Lait Bonnet Rouge 450g,Lait,7,4500,0,31500.0,7000.0
V2976,2026-08-28,C006,Alimentation Ambilobe,Ambilobe,P003,Huile Ril 20L,Huile,6,98000,5,558600.0,48600.0
V2977,2026-08-28,C003,Hotel Constance Nosy Be,Nosy Be,P003,Huile Ril 20L,Huile,14,98000,0,1372000.0,182000.0
V2978,2026-08-28,C003,Hotel Constance Nosy Be,Nosy Be,P007,Farine 25kg,Farine,3,54000,5,153900.0,18900.0
V2979,2026-08-28,C001,Epicerie Amina,Antsiranana,P013,Boite Sardine 10pcs,Conserve,11,18000,0,198000.0,33000.0
V2980,2026-08-28,C003,Hotel Constance Nosy Be,Nosy Be,P013,Boite Sardine 10pcs,Conserve,15,18000,0,270000.0,45000.0
V2981,2026-08-28,C006,Alimentation Ambilobe,Ambilobe,P012,Omo 1kg,Hygiène,8,10000,0,80000.0,16000.0
V2982,2026-08-28,C006,Alimentation Ambilobe,Ambilobe,P015,Pâtes Spaghetti 500g,Pâtes,12,3200,0,38400.0,8400.0
V2983,2026-08-29,C002,Score Jumbo,Antsiranana,P002,Riz Tsipala 50kg,Riz,17,130000,0,2210000.0,340000.0
V2984,2026-08-29,C006,Alimentation Ambilobe,Ambilobe,P019,Ciment Holcim 50kg,Matériaux,4,45000,0,180000.0,28000.0
V2985,2026-08-29,C004,Epicerie Madiro,Ambanja,P003,Huile Ril 20L,Huile,13,98000,5,1210300.0,105300.0
V2986,2026-08-29,C006,Alimentation Ambilobe,Ambilobe,P010,Lait Bonnet Rouge 450g,Lait,8,4500,5,34200.0,6200.0
V2987,2026-08-30,C004,Epicerie Madiro,Ambanja,P001,Riz Maka 25kg,Riz,7,65000,0,455000.0,70000.0
V2988,2026-08-30,C001,Epicerie Amina,Antsiranana,P011,Savon Nosy 1 carton,Hygiène,13,50000,10,585000.0,39000.0
V2989,2026-08-30,C001,Epicerie Amina,Antsiranana,P013,Boite Sardine 10pcs,Conserve,2,18000,0,36000.0,6000.0
V2990,2026-08-30,C006,Alimentation Ambilobe,Ambilobe,P017,Eau Vive 1 pack 1.5L,Boisson,8,10000,10,72000.0,8000.0
V2991,2026-08-30,C005,Quincaillerie Diego,Antsiranana,P005,Sucre Blanc 1kg,Sucre,12,4000,5,45600.0,7200.0
V2992,2026-08-30,C002,Score Jumbo,Antsiranana,P003,Huile Ril 20L,Huile,1,98000,10,88200.0,3200.0
V2993,2026-08-31,C002,Score Jumbo,Antsiranana,P016,Biscuit Gold 1 carton,Biscuit,11,22000,0,242000.0,44000.0
V2994,2026-08-31,C004,Epicerie Madiro,Ambanja,P020,Tôles 3m galvanisées,Matériaux,1,32000,0,32000.0,7000.0
V2995,2026-08-31,C006,Alimentation Ambilobe,Ambilobe,P005,Sucre Blanc 1kg,Sucre,1,4000,0,4000.0,800.0
V2996,2026-08-31,C006,Alimentation Ambilobe,Ambilobe,P002,Riz Tsipala 50kg,Riz,24,130000,0,3120000.0,480000.0
V2997,2026-08-31,C004,Epicerie Madiro,Ambanja,P020,Tôles 3m galvanisées,Matériaux,3,32000,5,91200.0,16200.0
V2998,2026-08-31,C001,Epicerie Amina,Antsiranana,P004,Huile Hina 5L,Huile,2,33000,0,66000.0,10000.0
V2999,2026-08-31,C005,Quincaillerie Diego,Antsiranana,P020,Tôles 3m galvanisées,Matériaux,4,32000,0,128000.0,28000.0
V3000,2026-09-01,C002,Score Jumbo,Antsiranana,P014,Tomate concentrée 1 carton,Conserve,6,30000,10,162000.0,12000.0
V3001,2026-09-02,C006,Alimentation Ambilobe,Ambilobe,P013,Boite Sardine 10pcs,Conserve,6,18000,0,108000.0,18000.0
V3002,2026-09-02,C006,Alimentation Ambilobe,Ambilobe,P019,Ciment Holcim 50kg,Matériaux,9,45000,0,405000.0,63000.0
V3003,2026-09-02,C003,Hotel Constance Nosy Be,Nosy Be,P007,Farine 25kg,Farine,13,54000,0,702000.0,117000.0
V3004,2026-09-02,C005,Quincaillerie Diego,Antsiranana,P006,Sucre Roux 1kg,Sucre,6,3800,0,22800.0,4800.0
V3005,2026-09-02,C001,Epicerie Amina,Antsiranana,P009,Lait Nido 2kg,Lait,3,78000,0,234000.0,39000.0
V3006,2026-09-02,C002,Score Jumbo,Antsiranana,P012,Omo 1kg,Hygiène,9,10000,0,90000.0,18000.0
V3007,2026-09-02,C004,Epicerie Madiro,Ambanja,P008,Farine 1kg,Farine,15,2800,5,39900.0,6900.0
V3008,2026-09-03,C001,Epicerie Amina,Antsiranana,P005,Sucre Blanc 1kg,Sucre,2,4000,10,7200.0,800.0
V3009,2026-09-03,C005,Quincaillerie Diego,Antsiranana,P013,Boite Sardine 10pcs,Conserve,13,18000,0,234000.0,39000.0
V3010,2026-09-04,C001,Epicerie Amina,Antsiranana,P016,Biscuit Gold 1 carton,Biscuit,2,22000,0,44000.0,8000.0
V3011,2026-09-04,C001,Epicerie Amina,Antsiranana,P006,Sucre Roux 1kg,Sucre,15,3800,0,57000.0,12000.0
V3012,2026-09-04,C006,Alimentation Ambilobe,Ambilobe,P019,Ciment Holcim 50kg,Matériaux,15,45000,0,675000.0,105000.0
V3013,2026-09-04,C004,Epicerie Madiro,Ambanja,P016,Biscuit Gold 1 carton,Biscuit,12,22000,0,264000.0,48000.0
V3014,2026-09-05,C002,Score Jumbo,Antsiranana,P005,Sucre Blanc 1kg,Sucre,11,4000,0,44000.0,8800.0
V3015,2026-09-05,C005,Quincaillerie Diego,Antsiranana,P015,Pâtes Spaghetti 500g,Pâtes,7,3200,0,22400.0,4900.0
V3016,2026-09-05,C002,Score Jumbo,Antsiranana,P020,Tôles 3m galvanisées,Matériaux,12,32000,0,384000.0,84000.0
V3017,2026-09-05,C005,Quincaillerie Diego,Antsiranana,P006,Sucre Roux 1kg,Sucre,12,3800,0,45600.0,9600.0
V3018,2026-09-05,C005,Quincaillerie Diego,Antsiranana,P003,Huile Ril 20L,Huile,11,98000,0,1078000.0,143000.0
V3019,2026-09-05,C003,Hotel Constance Nosy Be,Nosy Be,P014,Tomate concentrée 1 carton,Conserve,1,30000,5,28500.0,3500.0
V3020,2026-09-06,C002,Score Jumbo,Antsiranana,P007,Farine 25kg,Farine,2,54000,5,102600.0,12600.0
V3021,2026-09-06,C001,Epicerie Amina,Antsiranana,P020,Tôles 3m galvanisées,Matériaux,6,32000,5,182400.0,32400.0
V3022,2026-09-06,C005,Quincaillerie Diego,Antsiranana,P008,Farine 1kg,Farine,8,2800,10,20160.0,2560.0
V3023,2026-09-06,C006,Alimentation Ambilobe,Ambilobe,P007,Farine 25kg,Farine,5,54000,0,270000.0,45000.0
V3024,2026-09-06,C002,Score Jumbo,Antsiranana,P004,Huile Hina 5L,Huile,13,33000,0,429000.0,65000.0
V3025,2026-09-06,C006,Alimentation Ambilobe,Ambilobe,P016,Biscuit Gold 1 carton,Biscuit,8,22000,0,176000.0,32000.0
V3026,2026-09-06,C002,Score Jumbo,Antsiranana,P002,Riz Tsipala 50kg,Riz,8,130000,10,936000.0,56000.0
V3027,2026-09-07,C003,Hotel Constance Nosy Be,Nosy Be,P010,Lait Bonnet Rouge 450g,Lait,4,4500,0,18000.0,4000.0
V3028,2026-09-07,C003,Hotel Constance Nosy Be,Nosy Be,P011,Savon Nosy 1 carton,Hygiène,10,50000,0,500000.0,80000.0
V3029,2026-09-07,C001,Epicerie Amina,Antsiranana,P004,Huile Hina 5L,Huile,12,33000,0,396000.0,60000.0
V3030,2026-09-07,C005,Quincaillerie Diego,Antsiranana,P006,Sucre Roux 1kg,Sucre,3,3800,0,11400.0,2400.0
V3031,2026-09-07,C004,Epicerie Madiro,Ambanja,P017,Eau Vive 1 pack 1.5L,Boisson,2,10000,0,20000.0,4000.0
V3032,2026-09-07,C002,Score Jumbo,Antsiranana,P015,Pâtes Spaghetti 500g,Pâtes,10,3200,5,30400.0,5400.0
V3033,2026-09-07,C003,Hotel Constance Nosy Be,Nosy Be,P014,Tomate concentrée 1 carton,Conserve,4,30000,10,108000.0,8000.0
V3034,2026-09-07,C006,Alimentation Ambilobe,Ambilobe,P011,Savon Nosy 1 carton,Hygiène,4,50000,0,200000.0,32000.0
V3035,2026-09-07,C003,Hotel Constance Nosy Be,Nosy Be,P008,Farine 1kg,Farine,2,2800,0,5600.0,1200.0
V3036,2026-09-08,C006,Alimentation Ambilobe,Ambilobe,P014,Tomate concentrée 1 carton,Conserve,14,30000,0,420000.0,70000.0
V3037,2026-09-08,C004,Epicerie Madiro,Ambanja,P008,Farine 1kg,Farine,2,2800,0,5600.0,1200.0
V3038,2026-09-08,C005,Quincaillerie Diego,Antsiranana,P016,Biscuit Gold 1 carton,Biscuit,1,22000,0,22000.0,4000.0
V3039,2026-09-08,C002,Score Jumbo,Antsiranana,P007,Farine 25kg,Farine,15,54000,5,769500.0,94500.0
V3040,2026-09-09,C004,Epicerie Madiro,Ambanja,P006,Sucre Roux 1kg,Sucre,7,3800,0,26600.0,5600.0
V3041,2026-09-10,C002,Score Jumbo,Antsiranana,P015,Pâtes Spaghetti 500g,Pâtes,12,3200,0,38400.0,8400.0
V3042,2026-09-10,C006,Alimentation Ambilobe,Ambilobe,P012,Omo 1kg,Hygiène,5,10000,0,50000.0,10000.0
V3043,2026-09-10,C003,Hotel Constance Nosy Be,Nosy Be,P005,Sucre Blanc 1kg,Sucre,1,4000,10,3600.0,400.0
V3044,2026-09-10,C005,Quincaillerie Diego,Antsiranana,P002,Riz Tsipala 50kg,Riz,22,130000,0,2860000.0,440000.0
V3045,2026-09-11,C001,Epicerie Amina,Antsiranana,P015,Pâtes Spaghetti 500g,Pâtes,8,3200,0,25600.0,5600.0
V3046,2026-09-11,C002,Score Jumbo,Antsiranana,P011,Savon Nosy 1 carton,Hygiène,4,50000,0,200000.0,32000.0
V3047,2026-09-11,C005,Quincaillerie Diego,Antsiranana,P006,Sucre Roux 1kg,Sucre,13,3800,10,44460.0,5460.0
V3048,2026-09-11,C005,Quincaillerie Diego,Antsiranana,P006,Sucre Roux 1kg,Sucre,10,3800,5,36100.0,6100.0
V3049,2026-09-11,C002,Score Jumbo,Antsiranana,P003,Huile Ril 20L,Huile,7,98000,5,651700.0,56700.0
V3050,2026-09-11,C004,Epicerie Madiro,Ambanja,P007,Farine 25kg,Farine,10,54000,0,540000.0,90000.0
V3051,2026-09-12,C004,Epicerie Madiro,Ambanja,P009,Lait Nido 2kg,Lait,1,78000,10,70200.0,5200.0
V3052,2026-09-12,C004,Epicerie Madiro,Ambanja,P008,Farine 1kg,Farine,4,2800,0,11200.0,2400.0
V3053,2026-09-12,C004,Epicerie Madiro,Ambanja,P019,Ciment Holcim 50kg,Matériaux,4,45000,5,171000.0,19000.0
V3054,2026-09-13,C002,Score Jumbo,Antsiranana,P019,Ciment Holcim 50kg,Matériaux,15,45000,0,675000.0,105000.0
V3055,2026-09-13,C004,Epicerie Madiro,Ambanja,P002,Riz Tsipala 50kg,Riz,7,130000,0,910000.0,140000.0
V3056,2026-09-13,C006,Alimentation Ambilobe,Ambilobe,P017,Eau Vive 1 pack 1.5L,Boisson,1,10000,0,10000.0,2000.0
V3057,2026-09-13,C005,Quincaillerie Diego,Antsiranana,P013,Boite Sardine 10pcs,Conserve,8,18000,10,129600.0,9600.0
V3058,2026-09-14,C001,Epicerie Amina,Antsiranana,P015,Pâtes Spaghetti 500g,Pâtes,8,3200,0,25600.0,5600.0
V3059,2026-09-14,C001,Epicerie Amina,Antsiranana,P018,Coca 1 pack 33cl,Boisson,13,15000,0,195000.0,39000.0
V3060,2026-09-15,C006,Alimentation Ambilobe,Ambilobe,P014,Tomate concentrée 1 carton,Conserve,4,30000,0,120000.0,20000.0
V3061,2026-09-15,C003,Hotel Constance Nosy Be,Nosy Be,P010,Lait Bonnet Rouge 450g,Lait,4,4500,10,16200.0,2200.0
V3062,2026-09-15,C001,Epicerie Amina,Antsiranana,P001,Riz Maka 25kg,Riz,35,65000,10,2047500.0,122500.0
V3063,2026-09-15,C003,Hotel Constance Nosy Be,Nosy Be,P006,Sucre Roux 1kg,Sucre,12,3800,0,45600.0,9600.0
V3064,2026-09-15,C005,Quincaillerie Diego,Antsiranana,P019,Ciment Holcim 50kg,Matériaux,1,45000,0,45000.0,7000.0
V3065,2026-09-15,C004,Epicerie Madiro,Ambanja,P005,Sucre Blanc 1kg,Sucre,14,4000,10,50400.0,5600.0
V3066,2026-09-16,C004,Epicerie Madiro,Ambanja,P006,Sucre Roux 1kg,Sucre,13,3800,0,49400.0,10400.0
V3067,2026-09-16,C006,Alimentation Ambilobe,Ambilobe,P015,Pâtes Spaghetti 500g,Pâtes,12,3200,10,34560.0,4560.0
V3068,2026-09-16,C001,Epicerie Amina,Antsiranana,P003,Huile Ril 20L,Huile,7,98000,10,617400.0,22400.0
V3069,2026-09-16,C003,Hotel Constance Nosy Be,Nosy Be,P017,Eau Vive 1 pack 1.5L,Boisson,1,10000,0,10000.0,2000.0
V3070,2026-09-16,C004,Epicerie Madiro,Ambanja,P009,Lait Nido 2kg,Lait,12,78000,5,889200.0,109200.0
V3071,2026-09-16,C005,Quincaillerie Diego,Antsiranana,P019,Ciment Holcim 50kg,Matériaux,13,45000,0,585000.0,91000.0
V3072,2026-09-16,C006,Alimentation Ambilobe,Ambilobe,P003,Huile Ril 20L,Huile,10,98000,0,980000.0,130000.0
V3073,2026-09-16,C006,Alimentation Ambilobe,Ambilobe,P002,Riz Tsipala 50kg,Riz,37,130000,10,4329000.0,259000.0
V3074,2026-09-17,C003,Hotel Constance Nosy Be,Nosy Be,P002,Riz Tsipala 50kg,Riz,12,130000,0,1560000.0,240000.0
V3075,2026-09-17,C003,Hotel Constance Nosy Be,Nosy Be,P015,Pâtes Spaghetti 500g,Pâtes,10,3200,0,32000.0,7000.0
V3076,2026-09-17,C003,Hotel Constance Nosy Be,Nosy Be,P012,Omo 1kg,Hygiène,3,10000,10,27000.0,3000.0
V3077,2026-09-17,C005,Quincaillerie Diego,Antsiranana,P003,Huile Ril 20L,Huile,9,98000,10,793800.0,28800.0
V3078,2026-09-17,C002,Score Jumbo,Antsiranana,P005,Sucre Blanc 1kg,Sucre,6,4000,0,24000.0,4800.0
V3079,2026-09-17,C005,Quincaillerie Diego,Antsiranana,P004,Huile Hina 5L,Huile,11,33000,0,363000.0,55000.0
V3080,2026-09-17,C006,Alimentation Ambilobe,Ambilobe,P019,Ciment Holcim 50kg,Matériaux,14,45000,10,567000.0,35000.0
